"Units","scenario","region","ghg","year","value"
"Tg","T_04_NDC_cont","Global","BC",1990,6.847167919
"Tg","T_04_NDC_cont","Global","BC",2005,7.2701422943143
"Tg","T_04_NDC_cont","Global","BC",2010,7.8388091145654
"Tg","T_04_NDC_cont","Global","BC",2015,7.81526735494917
"Tg","T_04_NDC_cont","Global","BC",2020,7.42102925873876
"Tg","T_04_NDC_cont","Global","BC",2025,7.06579204609781
"Tg","T_04_NDC_cont","Global","BC",2030,6.71437800335686
"Tg","T_04_NDC_cont","Global","BC",2035,6.34579710104777
"Tg","T_04_NDC_cont","Global","BC",2040,5.95546592044624
"Tg","T_04_NDC_cont","Global","BC",2045,5.694554973
"Tg","T_04_NDC_cont","Global","BC",2050,5.50604727935377
"Tg","T_04_NDC_cont","Global","BC",2055,5.36864348526971
"Tg","T_04_NDC_cont","Global","BC",2060,5.2136396748573
"Tg","T_04_NDC_cont","Global","BC",2065,5.12462638751434
"Tg","T_04_NDC_cont","Global","BC",2070,5.07304235434274
"Tg","T_04_NDC_cont","Global","BC",2075,5.05800382327235
"Tg","T_04_NDC_cont","Global","BC",2080,5.08511198484913
"Tg","T_04_NDC_cont","Global","BC",2085,5.12873720277533
"Tg","T_04_NDC_cont","Global","BC",2090,5.19178022962599
"Tg","T_04_NDC_cont","Global","BC",2095,5.26423104945234
"Tg","T_04_NDC_cont","Global","BC",2100,5.35589981900726
"Tg","T_04_NDC_cont","Global","BC_AWB",1990,0.208596188578435
"Tg","T_04_NDC_cont","Global","BC_AWB",2005,0.211344555227613
"Tg","T_04_NDC_cont","Global","BC_AWB",2010,0.18574386781552
"Tg","T_04_NDC_cont","Global","BC_AWB",2015,0.208090055828678
"Tg","T_04_NDC_cont","Global","BC_AWB",2020,0.19488689334337
"Tg","T_04_NDC_cont","Global","BC_AWB",2025,0.171483659258738
"Tg","T_04_NDC_cont","Global","BC_AWB",2030,0.153971408723335
"Tg","T_04_NDC_cont","Global","BC_AWB",2035,0.14371913022422
"Tg","T_04_NDC_cont","Global","BC_AWB",2040,0.138001647297617
"Tg","T_04_NDC_cont","Global","BC_AWB",2045,0.1336974178625
"Tg","T_04_NDC_cont","Global","BC_AWB",2050,0.130973721811056
"Tg","T_04_NDC_cont","Global","BC_AWB",2055,0.12930807980569
"Tg","T_04_NDC_cont","Global","BC_AWB",2060,0.127208047279188
"Tg","T_04_NDC_cont","Global","BC_AWB",2065,0.125696455950047
"Tg","T_04_NDC_cont","Global","BC_AWB",2070,0.124095387899103
"Tg","T_04_NDC_cont","Global","BC_AWB",2075,0.123569286042161
"Tg","T_04_NDC_cont","Global","BC_AWB",2080,0.123314869864112
"Tg","T_04_NDC_cont","Global","BC_AWB",2085,0.123605682221639
"Tg","T_04_NDC_cont","Global","BC_AWB",2090,0.123726429187317
"Tg","T_04_NDC_cont","Global","BC_AWB",2095,0.123614045181217
"Tg","T_04_NDC_cont","Global","BC_AWB",2100,0.123076261026391
"Gg","T_04_NDC_cont","Global","C2F6",1990,1.678186506
"Gg","T_04_NDC_cont","Global","C2F6",2005,1.3326894438
"Gg","T_04_NDC_cont","Global","C2F6",2010,1.1421159114
"Gg","T_04_NDC_cont","Global","C2F6",2015,1.4890218034
"Gg","T_04_NDC_cont","Global","C2F6",2020,1.3040442479
"Gg","T_04_NDC_cont","Global","C2F6",2025,1.3321142337
"Gg","T_04_NDC_cont","Global","C2F6",2030,1.4310484343
"Gg","T_04_NDC_cont","Global","C2F6",2035,1.24935347197
"Gg","T_04_NDC_cont","Global","C2F6",2040,1.2335876
"Gg","T_04_NDC_cont","Global","C2F6",2045,1.228587281
"Gg","T_04_NDC_cont","Global","C2F6",2050,1.201035643
"Gg","T_04_NDC_cont","Global","C2F6",2055,1.198204531
"Gg","T_04_NDC_cont","Global","C2F6",2060,1.206715057
"Gg","T_04_NDC_cont","Global","C2F6",2065,1.2215558384
"Gg","T_04_NDC_cont","Global","C2F6",2070,1.21707499435
"Gg","T_04_NDC_cont","Global","C2F6",2075,1.22239390651
"Gg","T_04_NDC_cont","Global","C2F6",2080,1.21376943495
"Gg","T_04_NDC_cont","Global","C2F6",2085,1.19171310003
"Gg","T_04_NDC_cont","Global","C2F6",2090,1.161174385
"Gg","T_04_NDC_cont","Global","C2F6",2095,1.12755885992
"Gg","T_04_NDC_cont","Global","C2F6",2100,1.09266384314
"Gg","T_04_NDC_cont","Global","CF4",1990,11.10376079
"Gg","T_04_NDC_cont","Global","CF4",2005,4.559509522
"Gg","T_04_NDC_cont","Global","CF4",2010,3.4908554511
"Gg","T_04_NDC_cont","Global","CF4",2015,4.5419844717
"Gg","T_04_NDC_cont","Global","CF4",2020,4.290073738
"Gg","T_04_NDC_cont","Global","CF4",2025,4.55671218558
"Gg","T_04_NDC_cont","Global","CF4",2030,4.84715915003
"Gg","T_04_NDC_cont","Global","CF4",2035,4.375575316804
"Gg","T_04_NDC_cont","Global","CF4",2040,4.352458709
"Gg","T_04_NDC_cont","Global","CF4",2045,4.319854359
"Gg","T_04_NDC_cont","Global","CF4",2050,4.193429413
"Gg","T_04_NDC_cont","Global","CF4",2055,4.068243756
"Gg","T_04_NDC_cont","Global","CF4",2060,3.98811264571
"Gg","T_04_NDC_cont","Global","CF4",2065,4.030603908
"Gg","T_04_NDC_cont","Global","CF4",2070,3.981203854
"Gg","T_04_NDC_cont","Global","CF4",2075,3.952929074014
"Gg","T_04_NDC_cont","Global","CF4",2080,3.861891168
"Gg","T_04_NDC_cont","Global","CF4",2085,3.715453166
"Gg","T_04_NDC_cont","Global","CF4",2090,3.529475478605
"Gg","T_04_NDC_cont","Global","CF4",2095,3.330323252
"Gg","T_04_NDC_cont","Global","CF4",2100,3.125843149839
"Tg","T_04_NDC_cont","Global","CH4",1990,152.45017582479
"Tg","T_04_NDC_cont","Global","CH4",2005,160.076092455975
"Tg","T_04_NDC_cont","Global","CH4",2010,176.316845525066
"Tg","T_04_NDC_cont","Global","CH4",2015,181.029564630206
"Tg","T_04_NDC_cont","Global","CH4",2020,160.713193463272
"Tg","T_04_NDC_cont","Global","CH4",2025,161.409742526292
"Tg","T_04_NDC_cont","Global","CH4",2030,162.45501795871
"Tg","T_04_NDC_cont","Global","CH4",2035,144.509883076679
"Tg","T_04_NDC_cont","Global","CH4",2040,138.409203259689
"Tg","T_04_NDC_cont","Global","CH4",2045,135.840225333738
"Tg","T_04_NDC_cont","Global","CH4",2050,134.689629326031
"Tg","T_04_NDC_cont","Global","CH4",2055,133.367149944233
"Tg","T_04_NDC_cont","Global","CH4",2060,131.169517107387
"Tg","T_04_NDC_cont","Global","CH4",2065,126.473156048413
"Tg","T_04_NDC_cont","Global","CH4",2070,119.009487136722
"Tg","T_04_NDC_cont","Global","CH4",2075,111.334576328225
"Tg","T_04_NDC_cont","Global","CH4",2080,104.022482081012
"Tg","T_04_NDC_cont","Global","CH4",2085,96.7535372101957
"Tg","T_04_NDC_cont","Global","CH4",2090,90.2448734856261
"Tg","T_04_NDC_cont","Global","CH4",2095,84.20249253
"Tg","T_04_NDC_cont","Global","CH4",2100,78.5487079897448
"Tg","T_04_NDC_cont","Global","CH4_AGR",1990,119.829984420546
"Tg","T_04_NDC_cont","Global","CH4_AGR",2005,130.391523952621
"Tg","T_04_NDC_cont","Global","CH4_AGR",2010,132.579883683515
"Tg","T_04_NDC_cont","Global","CH4_AGR",2015,134.435540304393
"Tg","T_04_NDC_cont","Global","CH4_AGR",2020,137.78257199278
"Tg","T_04_NDC_cont","Global","CH4_AGR",2025,147.832924658133
"Tg","T_04_NDC_cont","Global","CH4_AGR",2030,159.078092425259
"Tg","T_04_NDC_cont","Global","CH4_AGR",2035,164.102241436879
"Tg","T_04_NDC_cont","Global","CH4_AGR",2040,172.880270620923
"Tg","T_04_NDC_cont","Global","CH4_AGR",2045,182.884776892608
"Tg","T_04_NDC_cont","Global","CH4_AGR",2050,193.048985114531
"Tg","T_04_NDC_cont","Global","CH4_AGR",2055,202.418841680545
"Tg","T_04_NDC_cont","Global","CH4_AGR",2060,211.271524255273
"Tg","T_04_NDC_cont","Global","CH4_AGR",2065,220.1836847
"Tg","T_04_NDC_cont","Global","CH4_AGR",2070,228.193046163266
"Tg","T_04_NDC_cont","Global","CH4_AGR",2075,235.661653444929
"Tg","T_04_NDC_cont","Global","CH4_AGR",2080,242.127767248948
"Tg","T_04_NDC_cont","Global","CH4_AGR",2085,247.18002681785
"Tg","T_04_NDC_cont","Global","CH4_AGR",2090,251.246230772073
"Tg","T_04_NDC_cont","Global","CH4_AGR",2095,254.457474364
"Tg","T_04_NDC_cont","Global","CH4_AGR",2100,256.799534287235
"Tg","T_04_NDC_cont","Global","CH4_AWB",1990,0.946430051534659
"Tg","T_04_NDC_cont","Global","CH4_AWB",2005,4.3231617448371
"Tg","T_04_NDC_cont","Global","CH4_AWB",2010,5.0401259774758
"Tg","T_04_NDC_cont","Global","CH4_AWB",2015,5.71501020474712
"Tg","T_04_NDC_cont","Global","CH4_AWB",2020,6.26400302101577
"Tg","T_04_NDC_cont","Global","CH4_AWB",2025,6.7191750955921
"Tg","T_04_NDC_cont","Global","CH4_AWB",2030,6.83917452470897
"Tg","T_04_NDC_cont","Global","CH4_AWB",2035,6.70322857004856
"Tg","T_04_NDC_cont","Global","CH4_AWB",2040,6.62755513465151
"Tg","T_04_NDC_cont","Global","CH4_AWB",2045,6.52875498075054
"Tg","T_04_NDC_cont","Global","CH4_AWB",2050,6.44314463586043
"Tg","T_04_NDC_cont","Global","CH4_AWB",2055,6.18197839109402
"Tg","T_04_NDC_cont","Global","CH4_AWB",2060,5.82495010150122
"Tg","T_04_NDC_cont","Global","CH4_AWB",2065,5.43587225999926
"Tg","T_04_NDC_cont","Global","CH4_AWB",2070,5.11218267080124
"Tg","T_04_NDC_cont","Global","CH4_AWB",2075,5.103867479
"Tg","T_04_NDC_cont","Global","CH4_AWB",2080,5.13781823331267
"Tg","T_04_NDC_cont","Global","CH4_AWB",2085,5.23287492936897
"Tg","T_04_NDC_cont","Global","CH4_AWB",2090,5.322617426
"Tg","T_04_NDC_cont","Global","CH4_AWB",2095,5.39291569083442
"Tg","T_04_NDC_cont","Global","CH4_AWB",2100,5.43912803835199
"Tg","T_04_NDC_cont","Global","CO",1990,847.58526733038
"Tg","T_04_NDC_cont","Global","CO",2005,809.615300101062
"Tg","T_04_NDC_cont","Global","CO",2010,830.007127275016
"Tg","T_04_NDC_cont","Global","CO",2015,825.737651680212
"Tg","T_04_NDC_cont","Global","CO",2020,733.72282173651
"Tg","T_04_NDC_cont","Global","CO",2025,670.0530193
"Tg","T_04_NDC_cont","Global","CO",2030,619.408883524719
"Tg","T_04_NDC_cont","Global","CO",2035,585.865895194517
"Tg","T_04_NDC_cont","Global","CO",2040,539.098464755175
"Tg","T_04_NDC_cont","Global","CO",2045,519.258753669246
"Tg","T_04_NDC_cont","Global","CO",2050,503.968947441724
"Tg","T_04_NDC_cont","Global","CO",2055,494.264082601446
"Tg","T_04_NDC_cont","Global","CO",2060,478.888755346832
"Tg","T_04_NDC_cont","Global","CO",2065,468.225427585538
"Tg","T_04_NDC_cont","Global","CO",2070,462.387693295459
"Tg","T_04_NDC_cont","Global","CO",2075,460.227376780178
"Tg","T_04_NDC_cont","Global","CO",2080,460.004143730257
"Tg","T_04_NDC_cont","Global","CO",2085,460.017456089268
"Tg","T_04_NDC_cont","Global","CO",2090,461.219373648678
"Tg","T_04_NDC_cont","Global","CO",2095,462.10967266752
"Tg","T_04_NDC_cont","Global","CO",2100,463.745016734497
"MTC","T_04_NDC_cont","Global","CO2",1990,6044.64493679385
"MTC","T_04_NDC_cont","Global","CO2",2005,8040.35059584304
"MTC","T_04_NDC_cont","Global","CO2",2010,9150.48771854685
"MTC","T_04_NDC_cont","Global","CO2",2015,9717.039358
"MTC","T_04_NDC_cont","Global","CO2",2020,9346.39411420612
"MTC","T_04_NDC_cont","Global","CO2",2025,9379.95377251031
"MTC","T_04_NDC_cont","Global","CO2",2030,9271.55622886694
"MTC","T_04_NDC_cont","Global","CO2",2035,8152.36987620669
"MTC","T_04_NDC_cont","Global","CO2",2040,7093.1018774348
"MTC","T_04_NDC_cont","Global","CO2",2045,6005.70755709019
"MTC","T_04_NDC_cont","Global","CO2",2050,4852.00951370839
"MTC","T_04_NDC_cont","Global","CO2",2055,4274.71540899619
"MTC","T_04_NDC_cont","Global","CO2",2060,3711.58264180933
"MTC","T_04_NDC_cont","Global","CO2",2065,3749.40314553416
"MTC","T_04_NDC_cont","Global","CO2",2070,3767.44184145432
"MTC","T_04_NDC_cont","Global","CO2",2075,3753.33665666388
"MTC","T_04_NDC_cont","Global","CO2",2080,3710.98688556278
"MTC","T_04_NDC_cont","Global","CO2",2085,3644.35401999359
"MTC","T_04_NDC_cont","Global","CO2",2090,3557.32072007437
"MTC","T_04_NDC_cont","Global","CO2",2095,3452.94562938802
"MTC","T_04_NDC_cont","Global","CO2",2100,3330.87325120141
"Tg","T_04_NDC_cont","Global","CO_AWB",1990,28.3691629389542
"Tg","T_04_NDC_cont","Global","CO_AWB",2005,28.7428951916387
"Tg","T_04_NDC_cont","Global","CO_AWB",2010,33.5207750601674
"Tg","T_04_NDC_cont","Global","CO_AWB",2015,38.2008949399499
"Tg","T_04_NDC_cont","Global","CO_AWB",2020,38.5240193692066
"Tg","T_04_NDC_cont","Global","CO_AWB",2025,36.2564662464527
"Tg","T_04_NDC_cont","Global","CO_AWB",2030,34.2902325462314
"Tg","T_04_NDC_cont","Global","CO_AWB",2035,32.4961365090806
"Tg","T_04_NDC_cont","Global","CO_AWB",2040,31.7409890669626
"Tg","T_04_NDC_cont","Global","CO_AWB",2045,31.2220360102875
"Tg","T_04_NDC_cont","Global","CO_AWB",2050,30.8299008996898
"Tg","T_04_NDC_cont","Global","CO_AWB",2055,30.2553584197949
"Tg","T_04_NDC_cont","Global","CO_AWB",2060,29.2670782411396
"Tg","T_04_NDC_cont","Global","CO_AWB",2065,28.241274471895
"Tg","T_04_NDC_cont","Global","CO_AWB",2070,27.319081668273
"Tg","T_04_NDC_cont","Global","CO_AWB",2075,27.3006319558324
"Tg","T_04_NDC_cont","Global","CO_AWB",2080,27.4363595698473
"Tg","T_04_NDC_cont","Global","CO_AWB",2085,27.8106101315405
"Tg","T_04_NDC_cont","Global","CO_AWB",2090,28.1267435573074
"Tg","T_04_NDC_cont","Global","CO_AWB",2095,28.3571591260946
"Tg","T_04_NDC_cont","Global","CO_AWB",2100,28.4334864398623
"Tg","T_04_NDC_cont","Global","H2",1990,6.440126363
"Tg","T_04_NDC_cont","Global","H2",2005,6.64146722618301
"Tg","T_04_NDC_cont","Global","H2",2010,7.32225293371446
"Tg","T_04_NDC_cont","Global","H2",2015,8.04000976028735
"Tg","T_04_NDC_cont","Global","H2",2020,6.6328873327106
"Tg","T_04_NDC_cont","Global","H2",2025,6.5568568776051
"Tg","T_04_NDC_cont","Global","H2",2030,6.52818621936639
"Tg","T_04_NDC_cont","Global","H2",2035,7.13994754335603
"Tg","T_04_NDC_cont","Global","H2",2040,6.57137725326215
"Tg","T_04_NDC_cont","Global","H2",2045,6.56007264567269
"Tg","T_04_NDC_cont","Global","H2",2050,6.58177951628452
"Tg","T_04_NDC_cont","Global","H2",2055,6.620132242
"Tg","T_04_NDC_cont","Global","H2",2060,6.33511138518311
"Tg","T_04_NDC_cont","Global","H2",2065,6.07727818728857
"Tg","T_04_NDC_cont","Global","H2",2070,5.93775402151814
"Tg","T_04_NDC_cont","Global","H2",2075,5.89425097135423
"Tg","T_04_NDC_cont","Global","H2",2080,5.873982906
"Tg","T_04_NDC_cont","Global","H2",2085,5.84695291811669
"Tg","T_04_NDC_cont","Global","H2",2090,5.83919853648848
"Tg","T_04_NDC_cont","Global","H2",2095,5.81713542212117
"Tg","T_04_NDC_cont","Global","H2",2100,5.80232566440971
"Tg","T_04_NDC_cont","Global","H2_AWB",1990,0.651734609840046
"Tg","T_04_NDC_cont","Global","H2_AWB",2005,0.663037488
"Tg","T_04_NDC_cont","Global","H2_AWB",2010,0.77392416982269
"Tg","T_04_NDC_cont","Global","H2_AWB",2015,0.883326392718753
"Tg","T_04_NDC_cont","Global","H2_AWB",2020,0.883937659926998
"Tg","T_04_NDC_cont","Global","H2_AWB",2025,0.819710501
"Tg","T_04_NDC_cont","Global","H2_AWB",2030,0.767937018402998
"Tg","T_04_NDC_cont","Global","H2_AWB",2035,0.724427133
"Tg","T_04_NDC_cont","Global","H2_AWB",2040,0.705977001150506
"Tg","T_04_NDC_cont","Global","H2_AWB",2045,0.693987881
"Tg","T_04_NDC_cont","Global","H2_AWB",2050,0.685537433236664
"Tg","T_04_NDC_cont","Global","H2_AWB",2055,0.673669852435358
"Tg","T_04_NDC_cont","Global","H2_AWB",2060,0.653420095851753
"Tg","T_04_NDC_cont","Global","H2_AWB",2065,0.632731203
"Tg","T_04_NDC_cont","Global","H2_AWB",2070,0.614073224794466
"Tg","T_04_NDC_cont","Global","H2_AWB",2075,0.614264241413824
"Tg","T_04_NDC_cont","Global","H2_AWB",2080,0.617545197683287
"Tg","T_04_NDC_cont","Global","H2_AWB",2085,0.625593737
"Tg","T_04_NDC_cont","Global","H2_AWB",2090,0.632267561932952
"Tg","T_04_NDC_cont","Global","H2_AWB",2095,0.637032127232602
"Tg","T_04_NDC_cont","Global","H2_AWB",2100,0.638426044194544
"Gg","T_04_NDC_cont","Global","HFC125",1990,0
"Gg","T_04_NDC_cont","Global","HFC125",2005,13.47367363
"Gg","T_04_NDC_cont","Global","HFC125",2010,25.7549015
"Gg","T_04_NDC_cont","Global","HFC125",2015,40.5098644
"Gg","T_04_NDC_cont","Global","HFC125",2020,67.0904418
"Gg","T_04_NDC_cont","Global","HFC125",2025,79.7353563
"Gg","T_04_NDC_cont","Global","HFC125",2030,101.7504658
"Gg","T_04_NDC_cont","Global","HFC125",2035,102.1378909
"Gg","T_04_NDC_cont","Global","HFC125",2040,100.9402826
"Gg","T_04_NDC_cont","Global","HFC125",2045,92.8857786
"Gg","T_04_NDC_cont","Global","HFC125",2050,89.4286113
"Gg","T_04_NDC_cont","Global","HFC125",2055,80.4061506
"Gg","T_04_NDC_cont","Global","HFC125",2060,76.4856096
"Gg","T_04_NDC_cont","Global","HFC125",2065,76.0616745
"Gg","T_04_NDC_cont","Global","HFC125",2070,74.2253024
"Gg","T_04_NDC_cont","Global","HFC125",2075,73.0720961
"Gg","T_04_NDC_cont","Global","HFC125",2080,71.3807519
"Gg","T_04_NDC_cont","Global","HFC125",2085,69.3180097
"Gg","T_04_NDC_cont","Global","HFC125",2090,67.5963575
"Gg","T_04_NDC_cont","Global","HFC125",2095,65.4458858
"Gg","T_04_NDC_cont","Global","HFC125",2100,63.3301172
"Gg","T_04_NDC_cont","Global","HFC134a",1990,0.00545705
"Gg","T_04_NDC_cont","Global","HFC134a",2005,126.77895955
"Gg","T_04_NDC_cont","Global","HFC134a",2010,177.3260057
"Gg","T_04_NDC_cont","Global","HFC134a",2015,239.09103555
"Gg","T_04_NDC_cont","Global","HFC134a",2020,250.37874
"Gg","T_04_NDC_cont","Global","HFC134a",2025,246.2423884
"Gg","T_04_NDC_cont","Global","HFC134a",2030,260.230586
"Gg","T_04_NDC_cont","Global","HFC134a",2035,235.1658312
"Gg","T_04_NDC_cont","Global","HFC134a",2040,224.56460346
"Gg","T_04_NDC_cont","Global","HFC134a",2045,189.71501468
"Gg","T_04_NDC_cont","Global","HFC134a",2050,169.40459009
"Gg","T_04_NDC_cont","Global","HFC134a",2055,138.16952973
"Gg","T_04_NDC_cont","Global","HFC134a",2060,130.61927087
"Gg","T_04_NDC_cont","Global","HFC134a",2065,131.05265061
"Gg","T_04_NDC_cont","Global","HFC134a",2070,129.11356828
"Gg","T_04_NDC_cont","Global","HFC134a",2075,130.70745833
"Gg","T_04_NDC_cont","Global","HFC134a",2080,130.06159282
"Gg","T_04_NDC_cont","Global","HFC134a",2085,126.97291714
"Gg","T_04_NDC_cont","Global","HFC134a",2090,122.76880886
"Gg","T_04_NDC_cont","Global","HFC134a",2095,118.0551234
"Gg","T_04_NDC_cont","Global","HFC134a",2100,114.02734359
"Gg","T_04_NDC_cont","Global","HFC143a",1990,0
"Gg","T_04_NDC_cont","Global","HFC143a",2005,16.57670211
"Gg","T_04_NDC_cont","Global","HFC143a",2010,28.0428935
"Gg","T_04_NDC_cont","Global","HFC143a",2015,44.1397092
"Gg","T_04_NDC_cont","Global","HFC143a",2020,72.9374716
"Gg","T_04_NDC_cont","Global","HFC143a",2025,86.565059
"Gg","T_04_NDC_cont","Global","HFC143a",2030,110.3704205
"Gg","T_04_NDC_cont","Global","HFC143a",2035,110.815741
"Gg","T_04_NDC_cont","Global","HFC143a",2040,109.5303696
"Gg","T_04_NDC_cont","Global","HFC143a",2045,100.7808537
"Gg","T_04_NDC_cont","Global","HFC143a",2050,97.0284779
"Gg","T_04_NDC_cont","Global","HFC143a",2055,87.203475
"Gg","T_04_NDC_cont","Global","HFC143a",2060,82.9178427
"Gg","T_04_NDC_cont","Global","HFC143a",2065,82.4464013
"Gg","T_04_NDC_cont","Global","HFC143a",2070,80.4494227
"Gg","T_04_NDC_cont","Global","HFC143a",2075,79.1793469
"Gg","T_04_NDC_cont","Global","HFC143a",2080,77.3431549
"Gg","T_04_NDC_cont","Global","HFC143a",2085,75.1089009
"Gg","T_04_NDC_cont","Global","HFC143a",2090,73.2426439
"Gg","T_04_NDC_cont","Global","HFC143a",2095,70.910997
"Gg","T_04_NDC_cont","Global","HFC143a",2100,68.6151588
"Gg","T_04_NDC_cont","Global","HFC152a",1990,7.50863e-05
"Gg","T_04_NDC_cont","Global","HFC152a",2005,26.4547736
"Gg","T_04_NDC_cont","Global","HFC152a",2010,50.322577
"Gg","T_04_NDC_cont","Global","HFC152a",2015,60.9573218
"Gg","T_04_NDC_cont","Global","HFC152a",2020,33.9841458
"Gg","T_04_NDC_cont","Global","HFC152a",2025,31.0061295
"Gg","T_04_NDC_cont","Global","HFC152a",2030,26.2969975
"Gg","T_04_NDC_cont","Global","HFC152a",2035,24.0636873
"Gg","T_04_NDC_cont","Global","HFC152a",2040,23.4045079
"Gg","T_04_NDC_cont","Global","HFC152a",2045,23.400821
"Gg","T_04_NDC_cont","Global","HFC152a",2050,23.3442335
"Gg","T_04_NDC_cont","Global","HFC152a",2055,23.3886239
"Gg","T_04_NDC_cont","Global","HFC152a",2060,23.352936
"Gg","T_04_NDC_cont","Global","HFC152a",2065,23.3950409
"Gg","T_04_NDC_cont","Global","HFC152a",2070,23.1753287
"Gg","T_04_NDC_cont","Global","HFC152a",2075,23.0782942
"Gg","T_04_NDC_cont","Global","HFC152a",2080,22.8623561
"Gg","T_04_NDC_cont","Global","HFC152a",2085,22.5491278
"Gg","T_04_NDC_cont","Global","HFC152a",2090,22.1942666
"Gg","T_04_NDC_cont","Global","HFC152a",2095,21.8120983
"Gg","T_04_NDC_cont","Global","HFC152a",2100,21.450528
"Gg","T_04_NDC_cont","Global","HFC227ea",1990,0
"Gg","T_04_NDC_cont","Global","HFC227ea",2005,2.12818461
"Gg","T_04_NDC_cont","Global","HFC227ea",2010,3.69184178
"Gg","T_04_NDC_cont","Global","HFC227ea",2015,6.0050415
"Gg","T_04_NDC_cont","Global","HFC227ea",2020,3.54607032
"Gg","T_04_NDC_cont","Global","HFC227ea",2025,3.63386348
"Gg","T_04_NDC_cont","Global","HFC227ea",2030,4.23140412
"Gg","T_04_NDC_cont","Global","HFC227ea",2035,4.26194909
"Gg","T_04_NDC_cont","Global","HFC227ea",2040,4.30703571
"Gg","T_04_NDC_cont","Global","HFC227ea",2045,4.3638144
"Gg","T_04_NDC_cont","Global","HFC227ea",2050,4.43176733
"Gg","T_04_NDC_cont","Global","HFC227ea",2055,4.48471502
"Gg","T_04_NDC_cont","Global","HFC227ea",2060,4.52365887
"Gg","T_04_NDC_cont","Global","HFC227ea",2065,4.54611498
"Gg","T_04_NDC_cont","Global","HFC227ea",2070,4.55301591
"Gg","T_04_NDC_cont","Global","HFC227ea",2075,4.5469732
"Gg","T_04_NDC_cont","Global","HFC227ea",2080,4.52871259
"Gg","T_04_NDC_cont","Global","HFC227ea",2085,4.49865385
"Gg","T_04_NDC_cont","Global","HFC227ea",2090,4.4572336
"Gg","T_04_NDC_cont","Global","HFC227ea",2095,4.4046641
"Gg","T_04_NDC_cont","Global","HFC227ea",2100,4.34047906
"Gg","T_04_NDC_cont","Global","HFC23",1990,9.199509946
"Gg","T_04_NDC_cont","Global","HFC23",2005,6.8150581876
"Gg","T_04_NDC_cont","Global","HFC23",2010,9.044579249
"Gg","T_04_NDC_cont","Global","HFC23",2015,10.35956590665
"Gg","T_04_NDC_cont","Global","HFC23",2020,11.01714091
"Gg","T_04_NDC_cont","Global","HFC23",2025,11.94861262021
"Gg","T_04_NDC_cont","Global","HFC23",2030,12.58086171504
"Gg","T_04_NDC_cont","Global","HFC23",2035,12.29957598
"Gg","T_04_NDC_cont","Global","HFC23",2040,12.16574538354
"Gg","T_04_NDC_cont","Global","HFC23",2045,12.03235673
"Gg","T_04_NDC_cont","Global","HFC23",2050,11.82967437677
"Gg","T_04_NDC_cont","Global","HFC23",2055,11.60272727
"Gg","T_04_NDC_cont","Global","HFC23",2060,11.4359058
"Gg","T_04_NDC_cont","Global","HFC23",2065,11.35051746327
"Gg","T_04_NDC_cont","Global","HFC23",2070,11.22321823388
"Gg","T_04_NDC_cont","Global","HFC23",2075,11.02744711145
"Gg","T_04_NDC_cont","Global","HFC23",2080,10.77223903947
"Gg","T_04_NDC_cont","Global","HFC23",2085,10.48697501117
"Gg","T_04_NDC_cont","Global","HFC23",2090,10.19183381759
"Gg","T_04_NDC_cont","Global","HFC23",2095,9.8962770163
"Gg","T_04_NDC_cont","Global","HFC23",2100,9.60608691028
"Gg","T_04_NDC_cont","Global","HFC236fa",1990,4.926e-06
"Gg","T_04_NDC_cont","Global","HFC236fa",2005,0.037063661
"Gg","T_04_NDC_cont","Global","HFC236fa",2010,0.049063636
"Gg","T_04_NDC_cont","Global","HFC236fa",2015,0.076169083
"Gg","T_04_NDC_cont","Global","HFC236fa",2020,0.03339102
"Gg","T_04_NDC_cont","Global","HFC236fa",2025,0.03317493
"Gg","T_04_NDC_cont","Global","HFC236fa",2030,0.034896259
"Gg","T_04_NDC_cont","Global","HFC236fa",2035,0.033803814
"Gg","T_04_NDC_cont","Global","HFC236fa",2040,0.033051864
"Gg","T_04_NDC_cont","Global","HFC236fa",2045,0.0326094853
"Gg","T_04_NDC_cont","Global","HFC236fa",2050,0.032368807
"Gg","T_04_NDC_cont","Global","HFC236fa",2055,0.032078674
"Gg","T_04_NDC_cont","Global","HFC236fa",2060,0.031736361
"Gg","T_04_NDC_cont","Global","HFC236fa",2065,0.0313113705
"Gg","T_04_NDC_cont","Global","HFC236fa",2070,0.030813611
"Gg","T_04_NDC_cont","Global","HFC236fa",2075,0.0302694715
"Gg","T_04_NDC_cont","Global","HFC236fa",2080,0.029700867
"Gg","T_04_NDC_cont","Global","HFC236fa",2085,0.029125829
"Gg","T_04_NDC_cont","Global","HFC236fa",2090,0.028554164
"Gg","T_04_NDC_cont","Global","HFC236fa",2095,0.0279858078
"Gg","T_04_NDC_cont","Global","HFC236fa",2100,0.027405694
"Gg","T_04_NDC_cont","Global","HFC245fa",1990,0
"Gg","T_04_NDC_cont","Global","HFC245fa",2005,0.189988949
"Gg","T_04_NDC_cont","Global","HFC245fa",2010,0.45626442
"Gg","T_04_NDC_cont","Global","HFC245fa",2015,0.88683502
"Gg","T_04_NDC_cont","Global","HFC245fa",2020,8.31514901
"Gg","T_04_NDC_cont","Global","HFC245fa",2025,8.74003403
"Gg","T_04_NDC_cont","Global","HFC245fa",2030,14.33260715
"Gg","T_04_NDC_cont","Global","HFC245fa",2035,14.84767213
"Gg","T_04_NDC_cont","Global","HFC245fa",2040,15.36991001
"Gg","T_04_NDC_cont","Global","HFC245fa",2045,15.92796555
"Gg","T_04_NDC_cont","Global","HFC245fa",2050,16.55534981
"Gg","T_04_NDC_cont","Global","HFC245fa",2055,17.26214052
"Gg","T_04_NDC_cont","Global","HFC245fa",2060,17.91992301
"Gg","T_04_NDC_cont","Global","HFC245fa",2065,18.56521373
"Gg","T_04_NDC_cont","Global","HFC245fa",2070,19.14625745
"Gg","T_04_NDC_cont","Global","HFC245fa",2075,19.64943625
"Gg","T_04_NDC_cont","Global","HFC245fa",2080,20.0424157
"Gg","T_04_NDC_cont","Global","HFC245fa",2085,20.32786939
"Gg","T_04_NDC_cont","Global","HFC245fa",2090,20.68118787
"Gg","T_04_NDC_cont","Global","HFC245fa",2095,20.99058958
"Gg","T_04_NDC_cont","Global","HFC245fa",2100,21.2250554
"Gg","T_04_NDC_cont","Global","HFC32",1990,0
"Gg","T_04_NDC_cont","Global","HFC32",2005,1.206074994
"Gg","T_04_NDC_cont","Global","HFC32",2010,2.028116382
"Gg","T_04_NDC_cont","Global","HFC32",2015,3.19037948
"Gg","T_04_NDC_cont","Global","HFC32",2020,5.2893957
"Gg","T_04_NDC_cont","Global","HFC32",2025,6.29092012
"Gg","T_04_NDC_cont","Global","HFC32",2030,8.03171251
"Gg","T_04_NDC_cont","Global","HFC32",2035,8.06248065
"Gg","T_04_NDC_cont","Global","HFC32",2040,7.96782195
"Gg","T_04_NDC_cont","Global","HFC32",2045,7.33232248
"Gg","T_04_NDC_cont","Global","HFC32",2050,7.05941899
"Gg","T_04_NDC_cont","Global","HFC32",2055,6.347434931
"Gg","T_04_NDC_cont","Global","HFC32",2060,6.038243562
"Gg","T_04_NDC_cont","Global","HFC32",2065,6.00491281
"Gg","T_04_NDC_cont","Global","HFC32",2070,5.86001562
"Gg","T_04_NDC_cont","Global","HFC32",2075,5.76917902
"Gg","T_04_NDC_cont","Global","HFC32",2080,5.63567558
"Gg","T_04_NDC_cont","Global","HFC32",2085,5.47279924
"Gg","T_04_NDC_cont","Global","HFC32",2090,5.33687775
"Gg","T_04_NDC_cont","Global","HFC32",2095,5.167114331
"Gg","T_04_NDC_cont","Global","HFC32",2100,5.00011651
"Gg","T_04_NDC_cont","Global","HFC365mfc",1990,0
"Gg","T_04_NDC_cont","Global","HFC365mfc",2005,0.080429973
"Gg","T_04_NDC_cont","Global","HFC365mfc",2010,0.192314452
"Gg","T_04_NDC_cont","Global","HFC365mfc",2015,0.373790729
"Gg","T_04_NDC_cont","Global","HFC365mfc",2020,4.23871081
"Gg","T_04_NDC_cont","Global","HFC365mfc",2025,4.45528549
"Gg","T_04_NDC_cont","Global","HFC365mfc",2030,9.50028708
"Gg","T_04_NDC_cont","Global","HFC365mfc",2035,9.84174053
"Gg","T_04_NDC_cont","Global","HFC365mfc",2040,10.18797065
"Gg","T_04_NDC_cont","Global","HFC365mfc",2045,10.55795706
"Gg","T_04_NDC_cont","Global","HFC365mfc",2050,10.97396044
"Gg","T_04_NDC_cont","Global","HFC365mfc",2055,11.44263387
"Gg","T_04_NDC_cont","Global","HFC365mfc",2060,11.87882518
"Gg","T_04_NDC_cont","Global","HFC365mfc",2065,12.30676463
"Gg","T_04_NDC_cont","Global","HFC365mfc",2070,12.69209892
"Gg","T_04_NDC_cont","Global","HFC365mfc",2075,13.02578109
"Gg","T_04_NDC_cont","Global","HFC365mfc",2080,13.2863151
"Gg","T_04_NDC_cont","Global","HFC365mfc",2085,13.47552413
"Gg","T_04_NDC_cont","Global","HFC365mfc",2090,13.70989772
"Gg","T_04_NDC_cont","Global","HFC365mfc",2095,13.91517992
"Gg","T_04_NDC_cont","Global","HFC365mfc",2100,14.0707527
"Gg","T_04_NDC_cont","Global","HFC43",1990,8.28955e-05
"Gg","T_04_NDC_cont","Global","HFC43",2005,3.332058184
"Gg","T_04_NDC_cont","Global","HFC43",2010,3.718575959
"Gg","T_04_NDC_cont","Global","HFC43",2015,4.404877948
"Gg","T_04_NDC_cont","Global","HFC43",2020,4.265723948
"Gg","T_04_NDC_cont","Global","HFC43",2025,4.436187905
"Gg","T_04_NDC_cont","Global","HFC43",2030,4.532872763
"Gg","T_04_NDC_cont","Global","HFC43",2035,4.49013128
"Gg","T_04_NDC_cont","Global","HFC43",2040,4.55072713
"Gg","T_04_NDC_cont","Global","HFC43",2045,4.67093609
"Gg","T_04_NDC_cont","Global","HFC43",2050,4.79526322
"Gg","T_04_NDC_cont","Global","HFC43",2055,4.9394039
"Gg","T_04_NDC_cont","Global","HFC43",2060,5.07293464
"Gg","T_04_NDC_cont","Global","HFC43",2065,5.20036756
"Gg","T_04_NDC_cont","Global","HFC43",2070,5.30271767
"Gg","T_04_NDC_cont","Global","HFC43",2075,5.39598198
"Gg","T_04_NDC_cont","Global","HFC43",2080,5.46805258
"Gg","T_04_NDC_cont","Global","HFC43",2085,5.52142047
"Gg","T_04_NDC_cont","Global","HFC43",2090,5.55994448
"Gg","T_04_NDC_cont","Global","HFC43",2095,5.58307101
"Gg","T_04_NDC_cont","Global","HFC43",2100,5.59003754
"Tg","T_04_NDC_cont","Global","N2O",1990,2.30847519272052
"Tg","T_04_NDC_cont","Global","N2O",2005,2.50853768463638
"Tg","T_04_NDC_cont","Global","N2O",2010,2.52493661723501
"Tg","T_04_NDC_cont","Global","N2O",2015,2.71132691572916
"Tg","T_04_NDC_cont","Global","N2O",2020,2.61285327506433
"Tg","T_04_NDC_cont","Global","N2O",2025,2.60150576033368
"Tg","T_04_NDC_cont","Global","N2O",2030,2.615056125
"Tg","T_04_NDC_cont","Global","N2O",2035,2.36357497543685
"Tg","T_04_NDC_cont","Global","N2O",2040,2.27374788492855
"Tg","T_04_NDC_cont","Global","N2O",2045,2.23851564933542
"Tg","T_04_NDC_cont","Global","N2O",2050,2.18047827755775
"Tg","T_04_NDC_cont","Global","N2O",2055,2.1384859160731
"Tg","T_04_NDC_cont","Global","N2O",2060,2.11352375173597
"Tg","T_04_NDC_cont","Global","N2O",2065,2.09507871045939
"Tg","T_04_NDC_cont","Global","N2O",2070,2.07916855089214
"Tg","T_04_NDC_cont","Global","N2O",2075,2.090488550189
"Tg","T_04_NDC_cont","Global","N2O",2080,2.0833544707196
"Tg","T_04_NDC_cont","Global","N2O",2085,2.06282217472211
"Tg","T_04_NDC_cont","Global","N2O",2090,2.03086190668436
"Tg","T_04_NDC_cont","Global","N2O",2095,2.00252858859858
"Tg","T_04_NDC_cont","Global","N2O",2100,1.99000502764773
"Tg","T_04_NDC_cont","Global","N2O_AGR",1990,5.82368918243911
"Tg","T_04_NDC_cont","Global","N2O_AGR",2005,6.59821143403272
"Tg","T_04_NDC_cont","Global","N2O_AGR",2010,7.14760913895085
"Tg","T_04_NDC_cont","Global","N2O_AGR",2015,7.45549658251967
"Tg","T_04_NDC_cont","Global","N2O_AGR",2020,7.73301758749695
"Tg","T_04_NDC_cont","Global","N2O_AGR",2025,8.16427180146544
"Tg","T_04_NDC_cont","Global","N2O_AGR",2030,8.59805296930172
"Tg","T_04_NDC_cont","Global","N2O_AGR",2035,8.87071810068801
"Tg","T_04_NDC_cont","Global","N2O_AGR",2040,9.29680103480853
"Tg","T_04_NDC_cont","Global","N2O_AGR",2045,9.80119874703803
"Tg","T_04_NDC_cont","Global","N2O_AGR",2050,10.2999082529686
"Tg","T_04_NDC_cont","Global","N2O_AGR",2055,10.689022385876
"Tg","T_04_NDC_cont","Global","N2O_AGR",2060,10.9960578880677
"Tg","T_04_NDC_cont","Global","N2O_AGR",2065,11.2594721010036
"Tg","T_04_NDC_cont","Global","N2O_AGR",2070,11.4500236779043
"Tg","T_04_NDC_cont","Global","N2O_AGR",2075,11.6287488492016
"Tg","T_04_NDC_cont","Global","N2O_AGR",2080,11.7873284180966
"Tg","T_04_NDC_cont","Global","N2O_AGR",2085,11.9162556719672
"Tg","T_04_NDC_cont","Global","N2O_AGR",2090,12.0178554976713
"Tg","T_04_NDC_cont","Global","N2O_AGR",2095,12.0911454756171
"Tg","T_04_NDC_cont","Global","N2O_AGR",2100,12.1428209451811
"Tg","T_04_NDC_cont","Global","N2O_AWB",1990,0.017846756
"Tg","T_04_NDC_cont","Global","N2O_AWB",2005,0.079666727
"Tg","T_04_NDC_cont","Global","N2O_AWB",2010,0.093539923
"Tg","T_04_NDC_cont","Global","N2O_AWB",2015,0.105300404451265
"Tg","T_04_NDC_cont","Global","N2O_AWB",2020,0.112285049862227
"Tg","T_04_NDC_cont","Global","N2O_AWB",2025,0.117266474423076
"Tg","T_04_NDC_cont","Global","N2O_AWB",2030,0.117130757655059
"Tg","T_04_NDC_cont","Global","N2O_AWB",2035,0.113339651411088
"Tg","T_04_NDC_cont","Global","N2O_AWB",2040,0.111735769461954
"Tg","T_04_NDC_cont","Global","N2O_AWB",2045,0.110070199577544
"Tg","T_04_NDC_cont","Global","N2O_AWB",2050,0.108585874736212
"Tg","T_04_NDC_cont","Global","N2O_AWB",2055,0.104496035898172
"Tg","T_04_NDC_cont","Global","N2O_AWB",2060,0.099047955
"Tg","T_04_NDC_cont","Global","N2O_AWB",2065,0.093102804
"Tg","T_04_NDC_cont","Global","N2O_AWB",2070,0.088114008
"Tg","T_04_NDC_cont","Global","N2O_AWB",2075,0.08759002
"Tg","T_04_NDC_cont","Global","N2O_AWB",2080,0.087833545
"Tg","T_04_NDC_cont","Global","N2O_AWB",2085,0.089230077
"Tg","T_04_NDC_cont","Global","N2O_AWB",2090,0.090546402
"Tg","T_04_NDC_cont","Global","N2O_AWB",2095,0.091569539
"Tg","T_04_NDC_cont","Global","N2O_AWB",2100,0.092217544
"Tg","T_04_NDC_cont","Global","NH3",1990,13.6325964554654
"Tg","T_04_NDC_cont","Global","NH3",2005,14.928719390484
"Tg","T_04_NDC_cont","Global","NH3",2010,15.8784006136323
"Tg","T_04_NDC_cont","Global","NH3",2015,16.8280265148908
"Tg","T_04_NDC_cont","Global","NH3",2020,16.8984329028213
"Tg","T_04_NDC_cont","Global","NH3",2025,17.4599546991732
"Tg","T_04_NDC_cont","Global","NH3",2030,17.8820363309104
"Tg","T_04_NDC_cont","Global","NH3",2035,18.4031622191819
"Tg","T_04_NDC_cont","Global","NH3",2040,18.4168137611971
"Tg","T_04_NDC_cont","Global","NH3",2045,18.6095456288788
"Tg","T_04_NDC_cont","Global","NH3",2050,18.754239943782
"Tg","T_04_NDC_cont","Global","NH3",2055,18.8641697192686
"Tg","T_04_NDC_cont","Global","NH3",2060,18.7682446575702
"Tg","T_04_NDC_cont","Global","NH3",2065,18.657478201333
"Tg","T_04_NDC_cont","Global","NH3",2070,18.548772388193
"Tg","T_04_NDC_cont","Global","NH3",2075,18.4277210558615
"Tg","T_04_NDC_cont","Global","NH3",2080,18.2659237763803
"Tg","T_04_NDC_cont","Global","NH3",2085,18.0612407012852
"Tg","T_04_NDC_cont","Global","NH3",2090,17.8161679333451
"Tg","T_04_NDC_cont","Global","NH3",2095,17.4943945783742
"Tg","T_04_NDC_cont","Global","NH3",2100,17.1949655509372
"Tg","T_04_NDC_cont","Global","NH3_AGR",1990,35.84202549
"Tg","T_04_NDC_cont","Global","NH3_AGR",2005,39.3329560212276
"Tg","T_04_NDC_cont","Global","NH3_AGR",2010,42.4814792969193
"Tg","T_04_NDC_cont","Global","NH3_AGR",2015,44.2528309328803
"Tg","T_04_NDC_cont","Global","NH3_AGR",2020,47.2152129047171
"Tg","T_04_NDC_cont","Global","NH3_AGR",2025,51.413327999536
"Tg","T_04_NDC_cont","Global","NH3_AGR",2030,55.205526917087
"Tg","T_04_NDC_cont","Global","NH3_AGR",2035,58.5707271429909
"Tg","T_04_NDC_cont","Global","NH3_AGR",2040,61.86079408
"Tg","T_04_NDC_cont","Global","NH3_AGR",2045,65.16626789
"Tg","T_04_NDC_cont","Global","NH3_AGR",2050,68.2416743053453
"Tg","T_04_NDC_cont","Global","NH3_AGR",2055,70.6667721720058
"Tg","T_04_NDC_cont","Global","NH3_AGR",2060,72.7761113373933
"Tg","T_04_NDC_cont","Global","NH3_AGR",2065,74.734247334028
"Tg","T_04_NDC_cont","Global","NH3_AGR",2070,76.3808547234517
"Tg","T_04_NDC_cont","Global","NH3_AGR",2075,77.8066413943987
"Tg","T_04_NDC_cont","Global","NH3_AGR",2080,79.016602942027
"Tg","T_04_NDC_cont","Global","NH3_AGR",2085,79.98088298
"Tg","T_04_NDC_cont","Global","NH3_AGR",2090,80.7285133394474
"Tg","T_04_NDC_cont","Global","NH3_AGR",2095,81.270393757963
"Tg","T_04_NDC_cont","Global","NH3_AGR",2100,81.5959359682081
"Tg","T_04_NDC_cont","Global","NH3_AWB",1990,0.603538401036474
"Tg","T_04_NDC_cont","Global","NH3_AWB",2005,0.611490269
"Tg","T_04_NDC_cont","Global","NH3_AWB",2010,0.713138130977167
"Tg","T_04_NDC_cont","Global","NH3_AWB",2015,0.812705457667765
"Tg","T_04_NDC_cont","Global","NH3_AWB",2020,0.819579720211427
"Tg","T_04_NDC_cont","Global","NH3_AWB",2025,0.771338405641166
"Tg","T_04_NDC_cont","Global","NH3_AWB",2030,0.729507858050278
"Tg","T_04_NDC_cont","Global","NH3_AWB",2035,0.691339170798017
"Tg","T_04_NDC_cont","Global","NH3_AWB",2040,0.675273783063219
"Tg","T_04_NDC_cont","Global","NH3_AWB",2045,0.664233463240328
"Tg","T_04_NDC_cont","Global","NH3_AWB",2050,0.655891168057228
"Tg","T_04_NDC_cont","Global","NH3_AWB",2055,0.643668286793548
"Tg","T_04_NDC_cont","Global","NH3_AWB",2060,0.622642313917155
"Tg","T_04_NDC_cont","Global","NH3_AWB",2065,0.60081922304322
"Tg","T_04_NDC_cont","Global","NH3_AWB",2070,0.581200078224879
"Tg","T_04_NDC_cont","Global","NH3_AWB",2075,0.580807651
"Tg","T_04_NDC_cont","Global","NH3_AWB",2080,0.583695013
"Tg","T_04_NDC_cont","Global","NH3_AWB",2085,0.591657147445948
"Tg","T_04_NDC_cont","Global","NH3_AWB",2090,0.598382552
"Tg","T_04_NDC_cont","Global","NH3_AWB",2095,0.603284495776319
"Tg","T_04_NDC_cont","Global","NH3_AWB",2100,0.604908556392526
"Tg","T_04_NDC_cont","Global","NMVOC",1990,160.667418739641
"Tg","T_04_NDC_cont","Global","NMVOC",2005,162.942669974111
"Tg","T_04_NDC_cont","Global","NMVOC",2010,171.73488141631
"Tg","T_04_NDC_cont","Global","NMVOC",2015,181.586036230627
"Tg","T_04_NDC_cont","Global","NMVOC",2020,165.166560759754
"Tg","T_04_NDC_cont","Global","NMVOC",2025,156.281089971958
"Tg","T_04_NDC_cont","Global","NMVOC",2030,150.624078374246
"Tg","T_04_NDC_cont","Global","NMVOC",2035,148.836177335253
"Tg","T_04_NDC_cont","Global","NMVOC",2040,143.034495525886
"Tg","T_04_NDC_cont","Global","NMVOC",2045,142.443973684079
"Tg","T_04_NDC_cont","Global","NMVOC",2050,142.642587626779
"Tg","T_04_NDC_cont","Global","NMVOC",2055,143.60594054325
"Tg","T_04_NDC_cont","Global","NMVOC",2060,142.95244538921
"Tg","T_04_NDC_cont","Global","NMVOC",2065,142.265364652798
"Tg","T_04_NDC_cont","Global","NMVOC",2070,141.932608326823
"Tg","T_04_NDC_cont","Global","NMVOC",2075,142.163256277033
"Tg","T_04_NDC_cont","Global","NMVOC",2080,142.909678563107
"Tg","T_04_NDC_cont","Global","NMVOC",2085,144.112220882545
"Tg","T_04_NDC_cont","Global","NMVOC",2090,145.244791573821
"Tg","T_04_NDC_cont","Global","NMVOC",2095,145.9438608
"Tg","T_04_NDC_cont","Global","NMVOC",2100,146.658195288873
"Tg","T_04_NDC_cont","Global","NMVOC_AGR",1990,3.8023095729
"Tg","T_04_NDC_cont","Global","NMVOC_AGR",2005,5.86789247460001
"Tg","T_04_NDC_cont","Global","NMVOC_AGR",2010,7.1096899279
"Tg","T_04_NDC_cont","Global","NMVOC_AGR",2015,7.47416950900001
"Tg","T_04_NDC_cont","Global","NMVOC_AGR",2020,7.96864839716771
"Tg","T_04_NDC_cont","Global","NMVOC_AGR",2025,8.70307007794022
"Tg","T_04_NDC_cont","Global","NMVOC_AGR",2030,9.3740244531459
"Tg","T_04_NDC_cont","Global","NMVOC_AGR",2035,9.97336869803994
"Tg","T_04_NDC_cont","Global","NMVOC_AGR",2040,10.4942062507752
"Tg","T_04_NDC_cont","Global","NMVOC_AGR",2045,10.9692296098479
"Tg","T_04_NDC_cont","Global","NMVOC_AGR",2050,11.3900401964638
"Tg","T_04_NDC_cont","Global","NMVOC_AGR",2055,11.7661129497905
"Tg","T_04_NDC_cont","Global","NMVOC_AGR",2060,12.1021775465622
"Tg","T_04_NDC_cont","Global","NMVOC_AGR",2065,12.4235716089722
"Tg","T_04_NDC_cont","Global","NMVOC_AGR",2070,12.7067650584083
"Tg","T_04_NDC_cont","Global","NMVOC_AGR",2075,12.9456257883433
"Tg","T_04_NDC_cont","Global","NMVOC_AGR",2080,13.1362377493874
"Tg","T_04_NDC_cont","Global","NMVOC_AGR",2085,13.2844702442571
"Tg","T_04_NDC_cont","Global","NMVOC_AGR",2090,13.3947679984116
"Tg","T_04_NDC_cont","Global","NMVOC_AGR",2095,13.4691285784973
"Tg","T_04_NDC_cont","Global","NMVOC_AGR",2100,13.5073579910849
"Tg","T_04_NDC_cont","Global","NMVOC_AWB",1990,7.02363155705048
"Tg","T_04_NDC_cont","Global","NMVOC_AWB",2005,7.12010820781271
"Tg","T_04_NDC_cont","Global","NMVOC_AWB",2010,8.30317305141203
"Tg","T_04_NDC_cont","Global","NMVOC_AWB",2015,9.44731212976792
"Tg","T_04_NDC_cont","Global","NMVOC_AWB",2020,9.60615221175555
"Tg","T_04_NDC_cont","Global","NMVOC_AWB",2025,9.17920798467478
"Tg","T_04_NDC_cont","Global","NMVOC_AWB",2030,8.76654356404607
"Tg","T_04_NDC_cont","Global","NMVOC_AWB",2035,8.345042362
"Tg","T_04_NDC_cont","Global","NMVOC_AWB",2040,8.17328896745406
"Tg","T_04_NDC_cont","Global","NMVOC_AWB",2045,8.04966238839713
"Tg","T_04_NDC_cont","Global","NMVOC_AWB",2050,7.95189229111697
"Tg","T_04_NDC_cont","Global","NMVOC_AWB",2055,7.79291860145547
"Tg","T_04_NDC_cont","Global","NMVOC_AWB",2060,7.51782214693107
"Tg","T_04_NDC_cont","Global","NMVOC_AWB",2065,7.22678742024552
"Tg","T_04_NDC_cont","Global","NMVOC_AWB",2070,6.96481490023385
"Tg","T_04_NDC_cont","Global","NMVOC_AWB",2075,6.94965828744383
"Tg","T_04_NDC_cont","Global","NMVOC_AWB",2080,6.98005174714888
"Tg","T_04_NDC_cont","Global","NMVOC_AWB",2085,7.08050375451922
"Tg","T_04_NDC_cont","Global","NMVOC_AWB",2090,7.16678664212616
"Tg","T_04_NDC_cont","Global","NMVOC_AWB",2095,7.230942834582
"Tg","T_04_NDC_cont","Global","NMVOC_AWB",2100,7.25500001376526
"Tg","T_04_NDC_cont","Global","NOx",1990,123.518886692763
"Tg","T_04_NDC_cont","Global","NOx",2005,141.042854164793
"Tg","T_04_NDC_cont","Global","NOx",2010,143.45138692071
"Tg","T_04_NDC_cont","Global","NOx",2015,144.219271094673
"Tg","T_04_NDC_cont","Global","NOx",2020,136.136066153259
"Tg","T_04_NDC_cont","Global","NOx",2025,126.053762857303
"Tg","T_04_NDC_cont","Global","NOx",2030,121.417707608008
"Tg","T_04_NDC_cont","Global","NOx",2035,113.39090972018
"Tg","T_04_NDC_cont","Global","NOx",2040,107.481318824332
"Tg","T_04_NDC_cont","Global","NOx",2045,104.094090372574
"Tg","T_04_NDC_cont","Global","NOx",2050,102.702596434685
"Tg","T_04_NDC_cont","Global","NOx",2055,102.507811569989
"Tg","T_04_NDC_cont","Global","NOx",2060,102.906016765944
"Tg","T_04_NDC_cont","Global","NOx",2065,104.380422344285
"Tg","T_04_NDC_cont","Global","NOx",2070,105.927518808839
"Tg","T_04_NDC_cont","Global","NOx",2075,107.55123928791
"Tg","T_04_NDC_cont","Global","NOx",2080,109.168072418198
"Tg","T_04_NDC_cont","Global","NOx",2085,110.793364254507
"Tg","T_04_NDC_cont","Global","NOx",2090,112.390099742631
"Tg","T_04_NDC_cont","Global","NOx",2095,114.005052660321
"Tg","T_04_NDC_cont","Global","NOx",2100,115.717815595801
"Tg","T_04_NDC_cont","Global","NOx_AGR",1990,4.21693910478792
"Tg","T_04_NDC_cont","Global","NOx_AGR",2005,4.50653007339305
"Tg","T_04_NDC_cont","Global","NOx_AGR",2010,4.83915060830511
"Tg","T_04_NDC_cont","Global","NOx_AGR",2015,5.175539513137
"Tg","T_04_NDC_cont","Global","NOx_AGR",2020,5.468679551
"Tg","T_04_NDC_cont","Global","NOx_AGR",2025,5.86827648268984
"Tg","T_04_NDC_cont","Global","NOx_AGR",2030,6.25544694417724
"Tg","T_04_NDC_cont","Global","NOx_AGR",2035,6.64856278691631
"Tg","T_04_NDC_cont","Global","NOx_AGR",2040,7.04690490220156
"Tg","T_04_NDC_cont","Global","NOx_AGR",2045,7.45813753978467
"Tg","T_04_NDC_cont","Global","NOx_AGR",2050,7.84298081446754
"Tg","T_04_NDC_cont","Global","NOx_AGR",2055,8.11318503167151
"Tg","T_04_NDC_cont","Global","NOx_AGR",2060,8.35315241
"Tg","T_04_NDC_cont","Global","NOx_AGR",2065,8.58421824423551
"Tg","T_04_NDC_cont","Global","NOx_AGR",2070,8.77585711
"Tg","T_04_NDC_cont","Global","NOx_AGR",2075,8.94584609861507
"Tg","T_04_NDC_cont","Global","NOx_AGR",2080,9.0994078002097
"Tg","T_04_NDC_cont","Global","NOx_AGR",2085,9.22746387003629
"Tg","T_04_NDC_cont","Global","NOx_AGR",2090,9.33218735590425
"Tg","T_04_NDC_cont","Global","NOx_AGR",2095,9.41392697550471
"Tg","T_04_NDC_cont","Global","NOx_AGR",2100,9.470905735
"Tg","T_04_NDC_cont","Global","NOx_AWB",1990,0.864980283
"Tg","T_04_NDC_cont","Global","NOx_AWB",2005,0.876375476267976
"Tg","T_04_NDC_cont","Global","NOx_AWB",2010,1.02205492719527
"Tg","T_04_NDC_cont","Global","NOx_AWB",2015,1.1647528049047
"Tg","T_04_NDC_cont","Global","NOx_AWB",2020,1.17460522733039
"Tg","T_04_NDC_cont","Global","NOx_AWB",2025,1.10546677790109
"Tg","T_04_NDC_cont","Global","NOx_AWB",2030,1.04551576610212
"Tg","T_04_NDC_cont","Global","NOx_AWB",2035,0.990813260041859
"Tg","T_04_NDC_cont","Global","NOx_AWB",2040,0.967788815272972
"Tg","T_04_NDC_cont","Global","NOx_AWB",2045,0.951965975830674
"Tg","T_04_NDC_cont","Global","NOx_AWB",2050,0.940009982155244
"Tg","T_04_NDC_cont","Global","NOx_AWB",2055,0.922492150357022
"Tg","T_04_NDC_cont","Global","NOx_AWB",2060,0.892358581420353
"Tg","T_04_NDC_cont","Global","NOx_AWB",2065,0.861081886020216
"Tg","T_04_NDC_cont","Global","NOx_AWB",2070,0.832964129829271
"Tg","T_04_NDC_cont","Global","NOx_AWB",2075,0.832401524
"Tg","T_04_NDC_cont","Global","NOx_AWB",2080,0.836539948885183
"Tg","T_04_NDC_cont","Global","NOx_AWB",2085,0.847950733590942
"Tg","T_04_NDC_cont","Global","NOx_AWB",2090,0.857589734512634
"Tg","T_04_NDC_cont","Global","NOx_AWB",2095,0.86461515501002
"Tg","T_04_NDC_cont","Global","NOx_AWB",2100,0.866942545847795
"Tg","T_04_NDC_cont","Global","OC",1990,24.1467282486152
"Tg","T_04_NDC_cont","Global","OC",2005,26.6581253994854
"Tg","T_04_NDC_cont","Global","OC",2010,28.6949724196685
"Tg","T_04_NDC_cont","Global","OC",2015,29.3489426407397
"Tg","T_04_NDC_cont","Global","OC",2020,27.7512337249547
"Tg","T_04_NDC_cont","Global","OC",2025,26.2953223410375
"Tg","T_04_NDC_cont","Global","OC",2030,24.9880767422926
"Tg","T_04_NDC_cont","Global","OC",2035,24.2610285361422
"Tg","T_04_NDC_cont","Global","OC",2040,22.2343435387424
"Tg","T_04_NDC_cont","Global","OC",2045,21.1818983378537
"Tg","T_04_NDC_cont","Global","OC",2050,20.3576193976828
"Tg","T_04_NDC_cont","Global","OC",2055,19.7061058105462
"Tg","T_04_NDC_cont","Global","OC",2060,18.666272112454
"Tg","T_04_NDC_cont","Global","OC",2065,17.8122585448203
"Tg","T_04_NDC_cont","Global","OC",2070,17.1843617619769
"Tg","T_04_NDC_cont","Global","OC",2075,16.7422083835958
"Tg","T_04_NDC_cont","Global","OC",2080,16.388941444228
"Tg","T_04_NDC_cont","Global","OC",2085,16.080317216042
"Tg","T_04_NDC_cont","Global","OC",2090,15.8357182109758
"Tg","T_04_NDC_cont","Global","OC",2095,15.5983501117298
"Tg","T_04_NDC_cont","Global","OC",2100,15.4186663056742
"Tg","T_04_NDC_cont","Global","OC_AWB",1990,0.639695076669742
"Tg","T_04_NDC_cont","Global","OC_AWB",2005,0.648123268226924
"Tg","T_04_NDC_cont","Global","OC_AWB",2010,0.888521714332144
"Tg","T_04_NDC_cont","Global","OC_AWB",2015,0.99541620100147
"Tg","T_04_NDC_cont","Global","OC_AWB",2020,0.932363294942934
"Tg","T_04_NDC_cont","Global","OC_AWB",2025,0.820487516325808
"Tg","T_04_NDC_cont","Global","OC_AWB",2030,0.736725280595588
"Tg","T_04_NDC_cont","Global","OC_AWB",2035,0.687646813204366
"Tg","T_04_NDC_cont","Global","OC_AWB",2040,0.660273054709498
"Tg","T_04_NDC_cont","Global","OC_AWB",2045,0.639670611464907
"Tg","T_04_NDC_cont","Global","OC_AWB",2050,0.626642395505658
"Tg","T_04_NDC_cont","Global","OC_AWB",2055,0.618692005295675
"Tg","T_04_NDC_cont","Global","OC_AWB",2060,0.608655639783195
"Tg","T_04_NDC_cont","Global","OC_AWB",2065,0.601428337
"Tg","T_04_NDC_cont","Global","OC_AWB",2070,0.593770687666827
"Tg","T_04_NDC_cont","Global","OC_AWB",2075,0.591255830731513
"Tg","T_04_NDC_cont","Global","OC_AWB",2080,0.590040467039816
"Tg","T_04_NDC_cont","Global","OC_AWB",2085,0.591434689639597
"Tg","T_04_NDC_cont","Global","OC_AWB",2090,0.592014970670423
"Tg","T_04_NDC_cont","Global","OC_AWB",2095,0.591479239985551
"Tg","T_04_NDC_cont","Global","OC_AWB",2100,0.58890517
"Gg","T_04_NDC_cont","Global","SF6",1990,2.7646554195
"Gg","T_04_NDC_cont","Global","SF6",2005,2.574071493
"Gg","T_04_NDC_cont","Global","SF6",2010,3.0635693356
"Gg","T_04_NDC_cont","Global","SF6",2015,3.6045651991
"Gg","T_04_NDC_cont","Global","SF6",2020,3.55847059736
"Gg","T_04_NDC_cont","Global","SF6",2025,3.606562698
"Gg","T_04_NDC_cont","Global","SF6",2030,3.98821214524
"Gg","T_04_NDC_cont","Global","SF6",2035,3.88425581564
"Gg","T_04_NDC_cont","Global","SF6",2040,3.95650917039
"Gg","T_04_NDC_cont","Global","SF6",2045,4.24925495854
"Gg","T_04_NDC_cont","Global","SF6",2050,4.41200642339
"Gg","T_04_NDC_cont","Global","SF6",2055,4.59914794346
"Gg","T_04_NDC_cont","Global","SF6",2060,4.881588553
"Gg","T_04_NDC_cont","Global","SF6",2065,5.115677626
"Gg","T_04_NDC_cont","Global","SF6",2070,5.34010836844
"Gg","T_04_NDC_cont","Global","SF6",2075,5.59069145897
"Gg","T_04_NDC_cont","Global","SF6",2080,5.71569737
"Gg","T_04_NDC_cont","Global","SF6",2085,5.77838773358
"Gg","T_04_NDC_cont","Global","SF6",2090,5.78991604678
"Gg","T_04_NDC_cont","Global","SF6",2095,5.791768327
"Gg","T_04_NDC_cont","Global","SF6",2100,5.80930581101
"Tg","T_04_NDC_cont","Global","SO2_1",1990,61.925286758705
"Tg","T_04_NDC_cont","Global","SO2_1",2005,31.6929757
"Tg","T_04_NDC_cont","Global","SO2_1",2010,21.059158759554
"Tg","T_04_NDC_cont","Global","SO2_1",2015,14.4785544604443
"Tg","T_04_NDC_cont","Global","SO2_1",2020,11.3540554745091
"Tg","T_04_NDC_cont","Global","SO2_1",2025,7.28838792090285
"Tg","T_04_NDC_cont","Global","SO2_1",2030,5.630396868
"Tg","T_04_NDC_cont","Global","SO2_1",2035,4.63732771549838
"Tg","T_04_NDC_cont","Global","SO2_1",2040,4.00232395940965
"Tg","T_04_NDC_cont","Global","SO2_1",2045,3.52432896096455
"Tg","T_04_NDC_cont","Global","SO2_1",2050,3.17111150511952
"Tg","T_04_NDC_cont","Global","SO2_1",2055,2.85862072997211
"Tg","T_04_NDC_cont","Global","SO2_1",2060,2.56169568241842
"Tg","T_04_NDC_cont","Global","SO2_1",2065,2.32366960689118
"Tg","T_04_NDC_cont","Global","SO2_1",2070,2.10880845139163
"Tg","T_04_NDC_cont","Global","SO2_1",2075,1.9166902998518
"Tg","T_04_NDC_cont","Global","SO2_1",2080,1.73022032307652
"Tg","T_04_NDC_cont","Global","SO2_1",2085,1.617527919
"Tg","T_04_NDC_cont","Global","SO2_1",2090,1.53580996468619
"Tg","T_04_NDC_cont","Global","SO2_1",2095,1.46815334017798
"Tg","T_04_NDC_cont","Global","SO2_1",2100,1.411381793
"Tg","T_04_NDC_cont","Global","SO2_1_AWB",1990,0.013711848780182
"Tg","T_04_NDC_cont","Global","SO2_1_AWB",2005,0.012663006420431
"Tg","T_04_NDC_cont","Global","SO2_1_AWB",2010,0.015395969047561
"Tg","T_04_NDC_cont","Global","SO2_1_AWB",2015,0.018450530356411
"Tg","T_04_NDC_cont","Global","SO2_1_AWB",2020,0.017019552818755
"Tg","T_04_NDC_cont","Global","SO2_1_AWB",2025,0.012570414482251
"Tg","T_04_NDC_cont","Global","SO2_1_AWB",2030,0.011178909
"Tg","T_04_NDC_cont","Global","SO2_1_AWB",2035,0.010537595093691
"Tg","T_04_NDC_cont","Global","SO2_1_AWB",2040,0.010199029273335
"Tg","T_04_NDC_cont","Global","SO2_1_AWB",2045,0.009973117
"Tg","T_04_NDC_cont","Global","SO2_1_AWB",2050,0.0098368
"Tg","T_04_NDC_cont","Global","SO2_1_AWB",2055,0.009761213
"Tg","T_04_NDC_cont","Global","SO2_1_AWB",2060,0.009584393
"Tg","T_04_NDC_cont","Global","SO2_1_AWB",2065,0.009670823
"Tg","T_04_NDC_cont","Global","SO2_1_AWB",2070,0.009764855
"Tg","T_04_NDC_cont","Global","SO2_1_AWB",2075,0.009865355
"Tg","T_04_NDC_cont","Global","SO2_1_AWB",2080,0.009991391
"Tg","T_04_NDC_cont","Global","SO2_1_AWB",2085,0.010121695
"Tg","T_04_NDC_cont","Global","SO2_1_AWB",2090,0.010232445986131
"Tg","T_04_NDC_cont","Global","SO2_1_AWB",2095,0.010317172946303
"Tg","T_04_NDC_cont","Global","SO2_1_AWB",2100,0.010371046844751
"Tg","T_04_NDC_cont","Global","SO2_2",1990,35.7859417310044
"Tg","T_04_NDC_cont","Global","SO2_2",2005,57.9655204330315
"Tg","T_04_NDC_cont","Global","SO2_2",2010,52.0214160805044
"Tg","T_04_NDC_cont","Global","SO2_2",2015,42.6386408275087
"Tg","T_04_NDC_cont","Global","SO2_2",2020,40.3135556652375
"Tg","T_04_NDC_cont","Global","SO2_2",2025,36.2216215811415
"Tg","T_04_NDC_cont","Global","SO2_2",2030,34.4502915393071
"Tg","T_04_NDC_cont","Global","SO2_2",2035,30.7556321351956
"Tg","T_04_NDC_cont","Global","SO2_2",2040,28.3103241849304
"Tg","T_04_NDC_cont","Global","SO2_2",2045,26.2077759090255
"Tg","T_04_NDC_cont","Global","SO2_2",2050,24.4733695185322
"Tg","T_04_NDC_cont","Global","SO2_2",2055,22.9885825363203
"Tg","T_04_NDC_cont","Global","SO2_2",2060,21.83128046
"Tg","T_04_NDC_cont","Global","SO2_2",2065,20.998884071921
"Tg","T_04_NDC_cont","Global","SO2_2",2070,20.0985430960236
"Tg","T_04_NDC_cont","Global","SO2_2",2075,19.1241530802385
"Tg","T_04_NDC_cont","Global","SO2_2",2080,17.7887644180601
"Tg","T_04_NDC_cont","Global","SO2_2",2085,16.6356416284108
"Tg","T_04_NDC_cont","Global","SO2_2",2090,15.5521598537189
"Tg","T_04_NDC_cont","Global","SO2_2",2095,14.6510776731021
"Tg","T_04_NDC_cont","Global","SO2_2",2100,13.9186422584337
"Tg","T_04_NDC_cont","Global","SO2_2_AWB",1990,0.021850089
"Tg","T_04_NDC_cont","Global","SO2_2_AWB",2005,0.021607219
"Tg","T_04_NDC_cont","Global","SO2_2_AWB",2010,0.025000692
"Tg","T_04_NDC_cont","Global","SO2_2_AWB",2015,0.026801951444037
"Tg","T_04_NDC_cont","Global","SO2_2_AWB",2020,0.024815714
"Tg","T_04_NDC_cont","Global","SO2_2_AWB",2025,0.02148951497361
"Tg","T_04_NDC_cont","Global","SO2_2_AWB",2030,0.019215769954738
"Tg","T_04_NDC_cont","Global","SO2_2_AWB",2035,0.017911134
"Tg","T_04_NDC_cont","Global","SO2_2_AWB",2040,0.016887706818241
"Tg","T_04_NDC_cont","Global","SO2_2_AWB",2045,0.015949915
"Tg","T_04_NDC_cont","Global","SO2_2_AWB",2050,0.01521454141156
"Tg","T_04_NDC_cont","Global","SO2_2_AWB",2055,0.014343988
"Tg","T_04_NDC_cont","Global","SO2_2_AWB",2060,0.014086274708593
"Tg","T_04_NDC_cont","Global","SO2_2_AWB",2065,0.013917636
"Tg","T_04_NDC_cont","Global","SO2_2_AWB",2070,0.013845817071289
"Tg","T_04_NDC_cont","Global","SO2_2_AWB",2075,0.013754373365485
"Tg","T_04_NDC_cont","Global","SO2_2_AWB",2080,0.013669882075142
"Tg","T_04_NDC_cont","Global","SO2_2_AWB",2085,0.013585288053841
"Tg","T_04_NDC_cont","Global","SO2_2_AWB",2090,0.013480312559772
"Tg","T_04_NDC_cont","Global","SO2_2_AWB",2095,0.01336139
"Tg","T_04_NDC_cont","Global","SO2_2_AWB",2100,0.01323113789547
"Tg","T_04_NDC_cont","Global","SO2_3",1990,19.258445627927
"Tg","T_04_NDC_cont","Global","SO2_3",2005,23.0532439326338
"Tg","T_04_NDC_cont","Global","SO2_3",2010,23.4841039025816
"Tg","T_04_NDC_cont","Global","SO2_3",2015,23.7033356486805
"Tg","T_04_NDC_cont","Global","SO2_3",2020,21.3439726602269
"Tg","T_04_NDC_cont","Global","SO2_3",2025,19.5510767747842
"Tg","T_04_NDC_cont","Global","SO2_3",2030,17.8135543475866
"Tg","T_04_NDC_cont","Global","SO2_3",2035,15.9295175804707
"Tg","T_04_NDC_cont","Global","SO2_3",2040,14.9068747416323
"Tg","T_04_NDC_cont","Global","SO2_3",2045,14.395580823865
"Tg","T_04_NDC_cont","Global","SO2_3",2050,14.3931107847656
"Tg","T_04_NDC_cont","Global","SO2_3",2055,14.4892037345351
"Tg","T_04_NDC_cont","Global","SO2_3",2060,14.4452444652569
"Tg","T_04_NDC_cont","Global","SO2_3",2065,14.3856450494315
"Tg","T_04_NDC_cont","Global","SO2_3",2070,14.3310221258385
"Tg","T_04_NDC_cont","Global","SO2_3",2075,14.2259162625548
"Tg","T_04_NDC_cont","Global","SO2_3",2080,14.0675803042025
"Tg","T_04_NDC_cont","Global","SO2_3",2085,13.8774878285826
"Tg","T_04_NDC_cont","Global","SO2_3",2090,13.6547265071488
"Tg","T_04_NDC_cont","Global","SO2_3",2095,13.3999590972148
"Tg","T_04_NDC_cont","Global","SO2_3",2100,13.1107755916641
"Tg","T_04_NDC_cont","Global","SO2_3_AWB",1990,0.054191433
"Tg","T_04_NDC_cont","Global","SO2_3_AWB",2005,0.056084519
"Tg","T_04_NDC_cont","Global","SO2_3_AWB",2010,0.064625518
"Tg","T_04_NDC_cont","Global","SO2_3_AWB",2015,0.073174937
"Tg","T_04_NDC_cont","Global","SO2_3_AWB",2020,0.0798507
"Tg","T_04_NDC_cont","Global","SO2_3_AWB",2025,0.085505458
"Tg","T_04_NDC_cont","Global","SO2_3_AWB",2030,0.086279872
"Tg","T_04_NDC_cont","Global","SO2_3_AWB",2035,0.084150933
"Tg","T_04_NDC_cont","Global","SO2_3_AWB",2040,0.083226806
"Tg","T_04_NDC_cont","Global","SO2_3_AWB",2045,0.082094936
"Tg","T_04_NDC_cont","Global","SO2_3_AWB",2050,0.081062857
"Tg","T_04_NDC_cont","Global","SO2_3_AWB",2055,0.079284664
"Tg","T_04_NDC_cont","Global","SO2_3_AWB",2060,0.075390504
"Tg","T_04_NDC_cont","Global","SO2_3_AWB",2065,0.071057672
"Tg","T_04_NDC_cont","Global","SO2_3_AWB",2070,0.067208231
"Tg","T_04_NDC_cont","Global","SO2_3_AWB",2075,0.066881876
"Tg","T_04_NDC_cont","Global","SO2_3_AWB",2080,0.067131291
"Tg","T_04_NDC_cont","Global","SO2_3_AWB",2085,0.068337815
"Tg","T_04_NDC_cont","Global","SO2_3_AWB",2090,0.069452787
"Tg","T_04_NDC_cont","Global","SO2_3_AWB",2095,0.070338963
"Tg","T_04_NDC_cont","Global","SO2_3_AWB",2100,0.070755827
"Tg","T_04_NDC_cont","Global","SO2_4",1990,13.1182909899093
"Tg","T_04_NDC_cont","Global","SO2_4",2005,5.246482151
"Tg","T_04_NDC_cont","Global","SO2_4",2010,5.49928747290331
"Tg","T_04_NDC_cont","Global","SO2_4",2015,5.34514726679866
"Tg","T_04_NDC_cont","Global","SO2_4",2020,4.17026158150513
"Tg","T_04_NDC_cont","Global","SO2_4",2025,3.71846881747846
"Tg","T_04_NDC_cont","Global","SO2_4",2030,3.11717352398708
"Tg","T_04_NDC_cont","Global","SO2_4",2035,2.65084980665697
"Tg","T_04_NDC_cont","Global","SO2_4",2040,2.32559339857147
"Tg","T_04_NDC_cont","Global","SO2_4",2045,2.04065074930386
"Tg","T_04_NDC_cont","Global","SO2_4",2050,1.905745776
"Tg","T_04_NDC_cont","Global","SO2_4",2055,1.79738217833684
"Tg","T_04_NDC_cont","Global","SO2_4",2060,1.70958036055237
"Tg","T_04_NDC_cont","Global","SO2_4",2065,1.63461501224134
"Tg","T_04_NDC_cont","Global","SO2_4",2070,1.541475553
"Tg","T_04_NDC_cont","Global","SO2_4",2075,1.4672604649818
"Tg","T_04_NDC_cont","Global","SO2_4",2080,1.40962632686997
"Tg","T_04_NDC_cont","Global","SO2_4",2085,1.35349416766884
"Tg","T_04_NDC_cont","Global","SO2_4",2090,1.29838522804509
"Tg","T_04_NDC_cont","Global","SO2_4",2095,1.24820653902281
"Tg","T_04_NDC_cont","Global","SO2_4",2100,1.19972701683902
"Tg","T_04_NDC_cont","Global","SO2_4_AWB",1990,0.02149794
"Tg","T_04_NDC_cont","Global","SO2_4_AWB",2005,0.022362337991833
"Tg","T_04_NDC_cont","Global","SO2_4_AWB",2010,0.026431816
"Tg","T_04_NDC_cont","Global","SO2_4_AWB",2015,0.031380016763608
"Tg","T_04_NDC_cont","Global","SO2_4_AWB",2020,0.029388631022463
"Tg","T_04_NDC_cont","Global","SO2_4_AWB",2025,0.022616825005322
"Tg","T_04_NDC_cont","Global","SO2_4_AWB",2030,0.017796948
"Tg","T_04_NDC_cont","Global","SO2_4_AWB",2035,0.01483614403285
"Tg","T_04_NDC_cont","Global","SO2_4_AWB",2040,0.014160880134017
"Tg","T_04_NDC_cont","Global","SO2_4_AWB",2045,0.01442136694439
"Tg","T_04_NDC_cont","Global","SO2_4_AWB",2050,0.014787390007398
"Tg","T_04_NDC_cont","Global","SO2_4_AWB",2055,0.015258625668631
"Tg","T_04_NDC_cont","Global","SO2_4_AWB",2060,0.015711614081627
"Tg","T_04_NDC_cont","Global","SO2_4_AWB",2065,0.016103925855148
"Tg","T_04_NDC_cont","Global","SO2_4_AWB",2070,0.016314713
"Tg","T_04_NDC_cont","Global","SO2_4_AWB",2075,0.016559687500173
"Tg","T_04_NDC_cont","Global","SO2_4_AWB",2080,0.016800995
"Tg","T_04_NDC_cont","Global","SO2_4_AWB",2085,0.017016385
"Tg","T_04_NDC_cont","Global","SO2_4_AWB",2090,0.017135370052841
"Tg","T_04_NDC_cont","Global","SO2_4_AWB",2095,0.017186998
"Tg","T_04_NDC_cont","Global","SO2_4_AWB",2100,0.017145827
