"Units","scenario","region","GHG","year","value"
"Tg","T_06_NDC_cont","Global","BC",1990,6.847167919
"Tg","T_06_NDC_cont","Global","BC",2005,7.2701422942143
"Tg","T_06_NDC_cont","Global","BC",2010,7.8388091145654
"Tg","T_06_NDC_cont","Global","BC",2015,7.81526735494917
"Tg","T_06_NDC_cont","Global","BC",2020,7.42099356388485
"Tg","T_06_NDC_cont","Global","BC",2025,7.065756955
"Tg","T_06_NDC_cont","Global","BC",2030,6.714328734
"Tg","T_06_NDC_cont","Global","BC",2035,6.32670207653876
"Tg","T_06_NDC_cont","Global","BC",2040,5.9370706677132
"Tg","T_06_NDC_cont","Global","BC",2045,5.6737208240921
"Tg","T_06_NDC_cont","Global","BC",2050,5.48315476002294
"Tg","T_06_NDC_cont","Global","BC",2055,5.34730019087899
"Tg","T_06_NDC_cont","Global","BC",2060,5.19729057137901
"Tg","T_06_NDC_cont","Global","BC",2065,5.10681575483401
"Tg","T_06_NDC_cont","Global","BC",2070,5.05908515321778
"Tg","T_06_NDC_cont","Global","BC",2075,5.0446601178753
"Tg","T_06_NDC_cont","Global","BC",2080,5.07257925608384
"Tg","T_06_NDC_cont","Global","BC",2085,5.11545365599252
"Tg","T_06_NDC_cont","Global","BC",2090,5.17725109785584
"Tg","T_06_NDC_cont","Global","BC",2095,5.25131304357003
"Tg","T_06_NDC_cont","Global","BC",2100,5.34399436342831
"Tg","T_06_NDC_cont","Global","BC_AWB",1990,0.208596188578435
"Tg","T_06_NDC_cont","Global","BC_AWB",2005,0.211344555227613
"Tg","T_06_NDC_cont","Global","BC_AWB",2010,0.18574386781552
"Tg","T_06_NDC_cont","Global","BC_AWB",2015,0.208090055828678
"Tg","T_06_NDC_cont","Global","BC_AWB",2020,0.19488682965824
"Tg","T_06_NDC_cont","Global","BC_AWB",2025,0.171483648972794
"Tg","T_06_NDC_cont","Global","BC_AWB",2030,0.153971259394533
"Tg","T_06_NDC_cont","Global","BC_AWB",2035,0.143658116992204
"Tg","T_06_NDC_cont","Global","BC_AWB",2040,0.137981157
"Tg","T_06_NDC_cont","Global","BC_AWB",2045,0.133732022553416
"Tg","T_06_NDC_cont","Global","BC_AWB",2050,0.131055917270755
"Tg","T_06_NDC_cont","Global","BC_AWB",2055,0.129439893850279
"Tg","T_06_NDC_cont","Global","BC_AWB",2060,0.127336804593983
"Tg","T_06_NDC_cont","Global","BC_AWB",2065,0.125798451819143
"Tg","T_06_NDC_cont","Global","BC_AWB",2070,0.124163763781002
"Tg","T_06_NDC_cont","Global","BC_AWB",2075,0.123594282236032
"Tg","T_06_NDC_cont","Global","BC_AWB",2080,0.123328251881582
"Tg","T_06_NDC_cont","Global","BC_AWB",2085,0.123629125685856
"Tg","T_06_NDC_cont","Global","BC_AWB",2090,0.123773385825513
"Tg","T_06_NDC_cont","Global","BC_AWB",2095,0.123691035048876
"Tg","T_06_NDC_cont","Global","BC_AWB",2100,0.123166301876642
"Gg","T_06_NDC_cont","Global","C2F6",1990,1.678186506
"Gg","T_06_NDC_cont","Global","C2F6",2005,1.3326894438
"Gg","T_06_NDC_cont","Global","C2F6",2010,1.1421159114
"Gg","T_06_NDC_cont","Global","C2F6",2015,1.4890218034
"Gg","T_06_NDC_cont","Global","C2F6",2020,1.3040442489
"Gg","T_06_NDC_cont","Global","C2F6",2025,1.3321135588
"Gg","T_06_NDC_cont","Global","C2F6",2030,1.431047209
"Gg","T_06_NDC_cont","Global","C2F6",2035,1.22146395
"Gg","T_06_NDC_cont","Global","C2F6",2040,1.211500674
"Gg","T_06_NDC_cont","Global","C2F6",2045,1.19245696732
"Gg","T_06_NDC_cont","Global","C2F6",2050,1.17264587077
"Gg","T_06_NDC_cont","Global","C2F6",2055,1.1919243699
"Gg","T_06_NDC_cont","Global","C2F6",2060,1.2022335395
"Gg","T_06_NDC_cont","Global","C2F6",2065,1.21890727053
"Gg","T_06_NDC_cont","Global","C2F6",2070,1.21231516877
"Gg","T_06_NDC_cont","Global","C2F6",2075,1.20427594921
"Gg","T_06_NDC_cont","Global","C2F6",2080,1.191186617
"Gg","T_06_NDC_cont","Global","C2F6",2085,1.17078017394
"Gg","T_06_NDC_cont","Global","C2F6",2090,1.147911067
"Gg","T_06_NDC_cont","Global","C2F6",2095,1.12026699964
"Gg","T_06_NDC_cont","Global","C2F6",2100,1.085169671
"Gg","T_06_NDC_cont","Global","CF4",1990,11.10376079
"Gg","T_06_NDC_cont","Global","CF4",2005,4.559509522
"Gg","T_06_NDC_cont","Global","CF4",2010,3.4908554511
"Gg","T_06_NDC_cont","Global","CF4",2015,4.5419844717
"Gg","T_06_NDC_cont","Global","CF4",2020,4.290073758
"Gg","T_06_NDC_cont","Global","CF4",2025,4.556706537
"Gg","T_06_NDC_cont","Global","CF4",2030,4.847150373
"Gg","T_06_NDC_cont","Global","CF4",2035,4.279075054939
"Gg","T_06_NDC_cont","Global","CF4",2040,4.266652506
"Gg","T_06_NDC_cont","Global","CF4",2045,4.176472615513
"Gg","T_06_NDC_cont","Global","CF4",2050,4.055620801
"Gg","T_06_NDC_cont","Global","CF4",2055,4.015454935714
"Gg","T_06_NDC_cont","Global","CF4",2060,3.95827182066
"Gg","T_06_NDC_cont","Global","CF4",2065,4.019195153409
"Gg","T_06_NDC_cont","Global","CF4",2070,3.955991139
"Gg","T_06_NDC_cont","Global","CF4",2075,3.866411595079
"Gg","T_06_NDC_cont","Global","CF4",2080,3.751422678653
"Gg","T_06_NDC_cont","Global","CF4",2085,3.602779963
"Gg","T_06_NDC_cont","Global","CF4",2090,3.44335636786
"Gg","T_06_NDC_cont","Global","CF4",2095,3.272215710626
"Gg","T_06_NDC_cont","Global","CF4",2100,3.068752108
"Tg","T_06_NDC_cont","Global","CH4",1990,152.45017582489
"Tg","T_06_NDC_cont","Global","CH4",2005,160.076092455975
"Tg","T_06_NDC_cont","Global","CH4",2010,176.316845525066
"Tg","T_06_NDC_cont","Global","CH4",2015,181.029564630206
"Tg","T_06_NDC_cont","Global","CH4",2020,160.713139664168
"Tg","T_06_NDC_cont","Global","CH4",2025,161.40946129834
"Tg","T_06_NDC_cont","Global","CH4",2030,162.454952271615
"Tg","T_06_NDC_cont","Global","CH4",2035,142.097442831877
"Tg","T_06_NDC_cont","Global","CH4",2040,136.15208265639
"Tg","T_06_NDC_cont","Global","CH4",2045,133.223321506973
"Tg","T_06_NDC_cont","Global","CH4",2050,133.224646561594
"Tg","T_06_NDC_cont","Global","CH4",2055,133.575140020691
"Tg","T_06_NDC_cont","Global","CH4",2060,131.755469159775
"Tg","T_06_NDC_cont","Global","CH4",2065,126.995975183579
"Tg","T_06_NDC_cont","Global","CH4",2070,119.355036487354
"Tg","T_06_NDC_cont","Global","CH4",2075,111.185387842097
"Tg","T_06_NDC_cont","Global","CH4",2080,103.691424893492
"Tg","T_06_NDC_cont","Global","CH4",2085,96.5005074060444
"Tg","T_06_NDC_cont","Global","CH4",2090,90.2532011605109
"Tg","T_06_NDC_cont","Global","CH4",2095,84.2620983391467
"Tg","T_06_NDC_cont","Global","CH4",2100,78.5251770024634
"Tg","T_06_NDC_cont","Global","CH4_AGR",1990,119.829984420546
"Tg","T_06_NDC_cont","Global","CH4_AGR",2005,130.391523952621
"Tg","T_06_NDC_cont","Global","CH4_AGR",2010,132.579883682515
"Tg","T_06_NDC_cont","Global","CH4_AGR",2015,134.435540304393
"Tg","T_06_NDC_cont","Global","CH4_AGR",2020,137.7826022
"Tg","T_06_NDC_cont","Global","CH4_AGR",2025,147.832858258103
"Tg","T_06_NDC_cont","Global","CH4_AGR",2030,159.078054075416
"Tg","T_06_NDC_cont","Global","CH4_AGR",2035,163.385877752904
"Tg","T_06_NDC_cont","Global","CH4_AGR",2040,172.325464087527
"Tg","T_06_NDC_cont","Global","CH4_AGR",2045,182.207189661332
"Tg","T_06_NDC_cont","Global","CH4_AGR",2050,192.39491051191
"Tg","T_06_NDC_cont","Global","CH4_AGR",2055,202.210564385207
"Tg","T_06_NDC_cont","Global","CH4_AGR",2060,211.101309308475
"Tg","T_06_NDC_cont","Global","CH4_AGR",2065,220.010114663173
"Tg","T_06_NDC_cont","Global","CH4_AGR",2070,228.016359023602
"Tg","T_06_NDC_cont","Global","CH4_AGR",2075,235.271882935746
"Tg","T_06_NDC_cont","Global","CH4_AGR",2080,241.699942352679
"Tg","T_06_NDC_cont","Global","CH4_AGR",2085,246.784551063125
"Tg","T_06_NDC_cont","Global","CH4_AGR",2090,250.970112959495
"Tg","T_06_NDC_cont","Global","CH4_AGR",2095,254.296554985104
"Tg","T_06_NDC_cont","Global","CH4_AGR",2100,256.636760381239
"Tg","T_06_NDC_cont","Global","CH4_AWB",1990,0.946430051534659
"Tg","T_06_NDC_cont","Global","CH4_AWB",2005,4.3231617448371
"Tg","T_06_NDC_cont","Global","CH4_AWB",2010,5.0401259774758
"Tg","T_06_NDC_cont","Global","CH4_AWB",2015,5.71501020474712
"Tg","T_06_NDC_cont","Global","CH4_AWB",2020,6.26400157204493
"Tg","T_06_NDC_cont","Global","CH4_AWB",2025,6.71917243768579
"Tg","T_06_NDC_cont","Global","CH4_AWB",2030,6.83915192778408
"Tg","T_06_NDC_cont","Global","CH4_AWB",2035,6.69656389393712
"Tg","T_06_NDC_cont","Global","CH4_AWB",2040,6.62199109413606
"Tg","T_06_NDC_cont","Global","CH4_AWB",2045,6.52765819674645
"Tg","T_06_NDC_cont","Global","CH4_AWB",2050,6.44277107414115
"Tg","T_06_NDC_cont","Global","CH4_AWB",2055,6.18262651431345
"Tg","T_06_NDC_cont","Global","CH4_AWB",2060,5.82668942126074
"Tg","T_06_NDC_cont","Global","CH4_AWB",2065,5.43590913251436
"Tg","T_06_NDC_cont","Global","CH4_AWB",2070,5.11073094964385
"Tg","T_06_NDC_cont","Global","CH4_AWB",2075,5.1021328936808
"Tg","T_06_NDC_cont","Global","CH4_AWB",2080,5.13671282653683
"Tg","T_06_NDC_cont","Global","CH4_AWB",2085,5.23270321785688
"Tg","T_06_NDC_cont","Global","CH4_AWB",2090,5.32293518036761
"Tg","T_06_NDC_cont","Global","CH4_AWB",2095,5.39324893813346
"Tg","T_06_NDC_cont","Global","CH4_AWB",2100,5.43991724334346
"Tg","T_06_NDC_cont","Global","CO",1990,847.58526733038
"Tg","T_06_NDC_cont","Global","CO",2005,809.615300101062
"Tg","T_06_NDC_cont","Global","CO",2010,830.007127275016
"Tg","T_06_NDC_cont","Global","CO",2015,825.737651680212
"Tg","T_06_NDC_cont","Global","CO",2020,733.720237579297
"Tg","T_06_NDC_cont","Global","CO",2025,670.050980174805
"Tg","T_06_NDC_cont","Global","CO",2030,619.406360659332
"Tg","T_06_NDC_cont","Global","CO",2035,583.483106459814
"Tg","T_06_NDC_cont","Global","CO",2040,538.2537462
"Tg","T_06_NDC_cont","Global","CO",2045,518.953799226663
"Tg","T_06_NDC_cont","Global","CO",2050,504.310728915574
"Tg","T_06_NDC_cont","Global","CO",2055,494.705198129359
"Tg","T_06_NDC_cont","Global","CO",2060,479.558784066953
"Tg","T_06_NDC_cont","Global","CO",2065,469.201949790381
"Tg","T_06_NDC_cont","Global","CO",2070,463.152575483515
"Tg","T_06_NDC_cont","Global","CO",2075,460.907737391182
"Tg","T_06_NDC_cont","Global","CO",2080,460.662100636377
"Tg","T_06_NDC_cont","Global","CO",2085,460.696508581071
"Tg","T_06_NDC_cont","Global","CO",2090,461.817021437385
"Tg","T_06_NDC_cont","Global","CO",2095,462.097093977903
"Tg","T_06_NDC_cont","Global","CO",2100,463.427964767428
"MTC","T_06_NDC_cont","Global","CO2",1990,6044.64493679385
"MTC","T_06_NDC_cont","Global","CO2",2005,8040.35059584304
"MTC","T_06_NDC_cont","Global","CO2",2010,9150.48771854685
"MTC","T_06_NDC_cont","Global","CO2",2015,9717.039358
"MTC","T_06_NDC_cont","Global","CO2",2020,9346.42052
"MTC","T_06_NDC_cont","Global","CO2",2025,9379.951798
"MTC","T_06_NDC_cont","Global","CO2",2030,9271.585087
"MTC","T_06_NDC_cont","Global","CO2",2035,7634.14866577952
"MTC","T_06_NDC_cont","Global","CO2",2040,6579.82819341689
"MTC","T_06_NDC_cont","Global","CO2",2045,5510.3125101673
"MTC","T_06_NDC_cont","Global","CO2",2050,4375.02454064346
"MTC","T_06_NDC_cont","Global","CO2",2055,3793.688946264
"MTC","T_06_NDC_cont","Global","CO2",2060,3224.02119547762
"MTC","T_06_NDC_cont","Global","CO2",2065,3276.27891472115
"MTC","T_06_NDC_cont","Global","CO2",2070,3308.77063626096
"MTC","T_06_NDC_cont","Global","CO2",2075,3311.37878414126
"MTC","T_06_NDC_cont","Global","CO2",2080,3285.88752287227
"MTC","T_06_NDC_cont","Global","CO2",2085,3236.41793234153
"MTC","T_06_NDC_cont","Global","CO2",2090,3165.40384371663
"MTC","T_06_NDC_cont","Global","CO2",2095,3076.04507656173
"MTC","T_06_NDC_cont","Global","CO2",2100,2968.11460869369
"Tg","T_06_NDC_cont","Global","CO_AWB",1990,28.3691629379543
"Tg","T_06_NDC_cont","Global","CO_AWB",2005,28.7428951916387
"Tg","T_06_NDC_cont","Global","CO_AWB",2010,33.5207750601674
"Tg","T_06_NDC_cont","Global","CO_AWB",2015,38.2008949399499
"Tg","T_06_NDC_cont","Global","CO_AWB",2020,38.5240125702709
"Tg","T_06_NDC_cont","Global","CO_AWB",2025,36.2564604336657
"Tg","T_06_NDC_cont","Global","CO_AWB",2030,34.2902192338732
"Tg","T_06_NDC_cont","Global","CO_AWB",2035,32.4756052571784
"Tg","T_06_NDC_cont","Global","CO_AWB",2040,31.7276766809152
"Tg","T_06_NDC_cont","Global","CO_AWB",2045,31.2253034191748
"Tg","T_06_NDC_cont","Global","CO_AWB",2050,30.8384772622959
"Tg","T_06_NDC_cont","Global","CO_AWB",2055,30.269842445506
"Tg","T_06_NDC_cont","Global","CO_AWB",2060,29.2806217188523
"Tg","T_06_NDC_cont","Global","CO_AWB",2065,28.2484326725648
"Tg","T_06_NDC_cont","Global","CO_AWB",2070,27.3210091688831
"Tg","T_06_NDC_cont","Global","CO_AWB",2075,27.2997516409536
"Tg","T_06_NDC_cont","Global","CO_AWB",2080,27.4378434877799
"Tg","T_06_NDC_cont","Global","CO_AWB",2085,27.8162640982701
"Tg","T_06_NDC_cont","Global","CO_AWB",2090,28.1356283455183
"Tg","T_06_NDC_cont","Global","CO_AWB",2095,28.3680552075569
"Tg","T_06_NDC_cont","Global","CO_AWB",2100,28.4440870151373
"Tg","T_06_NDC_cont","Global","H2",1990,6.440126363
"Tg","T_06_NDC_cont","Global","H2",2005,6.64146722618301
"Tg","T_06_NDC_cont","Global","H2",2010,7.32225293371446
"Tg","T_06_NDC_cont","Global","H2",2015,8.04000976028735
"Tg","T_06_NDC_cont","Global","H2",2020,6.63288370244822
"Tg","T_06_NDC_cont","Global","H2",2025,6.55685424882038
"Tg","T_06_NDC_cont","Global","H2",2030,6.52819108958622
"Tg","T_06_NDC_cont","Global","H2",2035,7.14306484147425
"Tg","T_06_NDC_cont","Global","H2",2040,6.58440369679143
"Tg","T_06_NDC_cont","Global","H2",2045,6.57773232261063
"Tg","T_06_NDC_cont","Global","H2",2050,6.610326548
"Tg","T_06_NDC_cont","Global","H2",2055,6.6232661853743
"Tg","T_06_NDC_cont","Global","H2",2060,6.33077749847015
"Tg","T_06_NDC_cont","Global","H2",2065,6.06989246300256
"Tg","T_06_NDC_cont","Global","H2",2070,5.9259698471254
"Tg","T_06_NDC_cont","Global","H2",2075,5.88766547355102
"Tg","T_06_NDC_cont","Global","H2",2080,5.871347483
"Tg","T_06_NDC_cont","Global","H2",2085,5.84896294120541
"Tg","T_06_NDC_cont","Global","H2",2090,5.84065973879038
"Tg","T_06_NDC_cont","Global","H2",2095,5.81629469945712
"Tg","T_06_NDC_cont","Global","H2",2100,5.80247339583737
"Tg","T_06_NDC_cont","Global","H2_AWB",1990,0.651734609840046
"Tg","T_06_NDC_cont","Global","H2_AWB",2005,0.663037488
"Tg","T_06_NDC_cont","Global","H2_AWB",2010,0.77392416982269
"Tg","T_06_NDC_cont","Global","H2_AWB",2015,0.883326392718753
"Tg","T_06_NDC_cont","Global","H2_AWB",2020,0.883937563566417
"Tg","T_06_NDC_cont","Global","H2_AWB",2025,0.819710464416021
"Tg","T_06_NDC_cont","Global","H2_AWB",2030,0.767936826
"Tg","T_06_NDC_cont","Global","H2_AWB",2035,0.724003849013118
"Tg","T_06_NDC_cont","Global","H2_AWB",2040,0.705717326640884
"Tg","T_06_NDC_cont","Global","H2_AWB",2045,0.69408516
"Tg","T_06_NDC_cont","Global","H2_AWB",2050,0.685748892354155
"Tg","T_06_NDC_cont","Global","H2_AWB",2055,0.674004413540267
"Tg","T_06_NDC_cont","Global","H2_AWB",2060,0.653720619301568
"Tg","T_06_NDC_cont","Global","H2_AWB",2065,0.632892871397714
"Tg","T_06_NDC_cont","Global","H2_AWB",2070,0.614125116402837
"Tg","T_06_NDC_cont","Global","H2_AWB",2075,0.614251219406216
"Tg","T_06_NDC_cont","Global","H2_AWB",2080,0.617583919963801
"Tg","T_06_NDC_cont","Global","H2_AWB",2085,0.62572715176868
"Tg","T_06_NDC_cont","Global","H2_AWB",2090,0.632479050420342
"Tg","T_06_NDC_cont","Global","H2_AWB",2095,0.637287689485061
"Tg","T_06_NDC_cont","Global","H2_AWB",2100,0.638675231171088
"Gg","T_06_NDC_cont","Global","HFC125",1990,0
"Gg","T_06_NDC_cont","Global","HFC125",2005,13.47367363
"Gg","T_06_NDC_cont","Global","HFC125",2010,25.7549015
"Gg","T_06_NDC_cont","Global","HFC125",2015,40.5098644
"Gg","T_06_NDC_cont","Global","HFC125",2020,67.0904965
"Gg","T_06_NDC_cont","Global","HFC125",2025,79.7353527
"Gg","T_06_NDC_cont","Global","HFC125",2030,101.7505684
"Gg","T_06_NDC_cont","Global","HFC125",2035,101.6090503
"Gg","T_06_NDC_cont","Global","HFC125",2040,100.7059815
"Gg","T_06_NDC_cont","Global","HFC125",2045,92.7439893
"Gg","T_06_NDC_cont","Global","HFC125",2050,89.3097319
"Gg","T_06_NDC_cont","Global","HFC125",2055,80.1553822
"Gg","T_06_NDC_cont","Global","HFC125",2060,76.268462
"Gg","T_06_NDC_cont","Global","HFC125",2065,75.9584983
"Gg","T_06_NDC_cont","Global","HFC125",2070,74.0392282
"Gg","T_06_NDC_cont","Global","HFC125",2075,72.7972873
"Gg","T_06_NDC_cont","Global","HFC125",2080,71.1421614
"Gg","T_06_NDC_cont","Global","HFC125",2085,69.1042597
"Gg","T_06_NDC_cont","Global","HFC125",2090,67.41834724
"Gg","T_06_NDC_cont","Global","HFC125",2095,65.260715
"Gg","T_06_NDC_cont","Global","HFC125",2100,63.1627272
"Gg","T_06_NDC_cont","Global","HFC134a",1990,0.00545705
"Gg","T_06_NDC_cont","Global","HFC134a",2005,126.77895955
"Gg","T_06_NDC_cont","Global","HFC134a",2010,177.3260057
"Gg","T_06_NDC_cont","Global","HFC134a",2015,239.09103555
"Gg","T_06_NDC_cont","Global","HFC134a",2020,250.37883832
"Gg","T_06_NDC_cont","Global","HFC134a",2025,246.24239678
"Gg","T_06_NDC_cont","Global","HFC134a",2030,260.23078845
"Gg","T_06_NDC_cont","Global","HFC134a",2035,232.29718678
"Gg","T_06_NDC_cont","Global","HFC134a",2040,221.59467444
"Gg","T_06_NDC_cont","Global","HFC134a",2045,183.41293188
"Gg","T_06_NDC_cont","Global","HFC134a",2050,163.05436761
"Gg","T_06_NDC_cont","Global","HFC134a",2055,137.01622491
"Gg","T_06_NDC_cont","Global","HFC134a",2060,129.1723208
"Gg","T_06_NDC_cont","Global","HFC134a",2065,130.23372601
"Gg","T_06_NDC_cont","Global","HFC134a",2070,127.53811981
"Gg","T_06_NDC_cont","Global","HFC134a",2075,125.5031725
"Gg","T_06_NDC_cont","Global","HFC134a",2080,124.39367992
"Gg","T_06_NDC_cont","Global","HFC134a",2085,122.32869394
"Gg","T_06_NDC_cont","Global","HFC134a",2090,120.6053878
"Gg","T_06_NDC_cont","Global","HFC134a",2095,117.57439064
"Gg","T_06_NDC_cont","Global","HFC134a",2100,113.61989656
"Gg","T_06_NDC_cont","Global","HFC143a",1990,0
"Gg","T_06_NDC_cont","Global","HFC143a",2005,16.57670211
"Gg","T_06_NDC_cont","Global","HFC143a",2010,28.0428935
"Gg","T_06_NDC_cont","Global","HFC143a",2015,44.1397092
"Gg","T_06_NDC_cont","Global","HFC143a",2020,72.93754
"Gg","T_06_NDC_cont","Global","HFC143a",2025,86.5650482
"Gg","T_06_NDC_cont","Global","HFC143a",2030,110.370516
"Gg","T_06_NDC_cont","Global","HFC143a",2035,110.2422489
"Gg","T_06_NDC_cont","Global","HFC143a",2040,109.2754565
"Gg","T_06_NDC_cont","Global","HFC143a",2045,100.624224
"Gg","T_06_NDC_cont","Global","HFC143a",2050,96.8954367
"Gg","T_06_NDC_cont","Global","HFC143a",2055,86.9246447
"Gg","T_06_NDC_cont","Global","HFC143a",2060,82.6719992
"Gg","T_06_NDC_cont","Global","HFC143a",2065,82.3315626
"Gg","T_06_NDC_cont","Global","HFC143a",2070,80.2437784
"Gg","T_06_NDC_cont","Global","HFC143a",2075,78.8765605
"Gg","T_06_NDC_cont","Global","HFC143a",2080,77.0844178
"Gg","T_06_NDC_cont","Global","HFC143a",2085,74.8769935
"Gg","T_06_NDC_cont","Global","HFC143a",2090,73.04935932
"Gg","T_06_NDC_cont","Global","HFC143a",2095,70.7100003
"Gg","T_06_NDC_cont","Global","HFC143a",2100,68.4332892
"Gg","T_06_NDC_cont","Global","HFC152a",1990,7.50863e-05
"Gg","T_06_NDC_cont","Global","HFC152a",2005,26.4547736
"Gg","T_06_NDC_cont","Global","HFC152a",2010,50.322577
"Gg","T_06_NDC_cont","Global","HFC152a",2015,60.9573218
"Gg","T_06_NDC_cont","Global","HFC152a",2020,33.9841858
"Gg","T_06_NDC_cont","Global","HFC152a",2025,31.0061276
"Gg","T_06_NDC_cont","Global","HFC152a",2030,26.2969951
"Gg","T_06_NDC_cont","Global","HFC152a",2035,23.9036501
"Gg","T_06_NDC_cont","Global","HFC152a",2040,23.2843821
"Gg","T_06_NDC_cont","Global","HFC152a",2045,23.1170776
"Gg","T_06_NDC_cont","Global","HFC152a",2050,23.0797343
"Gg","T_06_NDC_cont","Global","HFC152a",2055,23.3172966
"Gg","T_06_NDC_cont","Global","HFC152a",2060,23.2946662
"Gg","T_06_NDC_cont","Global","HFC152a",2065,23.3375222
"Gg","T_06_NDC_cont","Global","HFC152a",2070,23.1290716
"Gg","T_06_NDC_cont","Global","HFC152a",2075,22.9340735
"Gg","T_06_NDC_cont","Global","HFC152a",2080,22.6942733
"Gg","T_06_NDC_cont","Global","HFC152a",2085,22.4016893
"Gg","T_06_NDC_cont","Global","HFC152a",2090,22.1054297
"Gg","T_06_NDC_cont","Global","HFC152a",2095,21.7669395
"Gg","T_06_NDC_cont","Global","HFC152a",2100,21.4072527
"Gg","T_06_NDC_cont","Global","HFC227ea",1990,0
"Gg","T_06_NDC_cont","Global","HFC227ea",2005,2.12818461
"Gg","T_06_NDC_cont","Global","HFC227ea",2010,3.69184178
"Gg","T_06_NDC_cont","Global","HFC227ea",2015,6.0050415
"Gg","T_06_NDC_cont","Global","HFC227ea",2020,3.54607032
"Gg","T_06_NDC_cont","Global","HFC227ea",2025,3.63386348
"Gg","T_06_NDC_cont","Global","HFC227ea",2030,4.23140412
"Gg","T_06_NDC_cont","Global","HFC227ea",2035,4.26081704
"Gg","T_06_NDC_cont","Global","HFC227ea",2040,4.30668193
"Gg","T_06_NDC_cont","Global","HFC227ea",2045,4.36353606
"Gg","T_06_NDC_cont","Global","HFC227ea",2050,4.43159948
"Gg","T_06_NDC_cont","Global","HFC227ea",2055,4.4846034
"Gg","T_06_NDC_cont","Global","HFC227ea",2060,4.52360279
"Gg","T_06_NDC_cont","Global","HFC227ea",2065,4.54607888
"Gg","T_06_NDC_cont","Global","HFC227ea",2070,4.5529966
"Gg","T_06_NDC_cont","Global","HFC227ea",2075,4.54692228
"Gg","T_06_NDC_cont","Global","HFC227ea",2080,4.52863528
"Gg","T_06_NDC_cont","Global","HFC227ea",2085,4.49857603
"Gg","T_06_NDC_cont","Global","HFC227ea",2090,4.45714376
"Gg","T_06_NDC_cont","Global","HFC227ea",2095,4.40454234
"Gg","T_06_NDC_cont","Global","HFC227ea",2100,4.34034031
"Gg","T_06_NDC_cont","Global","HFC23",1990,9.199509946
"Gg","T_06_NDC_cont","Global","HFC23",2005,6.8150581876
"Gg","T_06_NDC_cont","Global","HFC23",2010,9.044579249
"Gg","T_06_NDC_cont","Global","HFC23",2015,10.35956590665
"Gg","T_06_NDC_cont","Global","HFC23",2020,11.017140995
"Gg","T_06_NDC_cont","Global","HFC23",2025,11.94861246041
"Gg","T_06_NDC_cont","Global","HFC23",2030,12.58086194221
"Gg","T_06_NDC_cont","Global","HFC23",2035,11.96917172266
"Gg","T_06_NDC_cont","Global","HFC23",2040,11.9523438641
"Gg","T_06_NDC_cont","Global","HFC23",2045,11.8571408244
"Gg","T_06_NDC_cont","Global","HFC23",2050,11.70306468
"Gg","T_06_NDC_cont","Global","HFC23",2055,11.56334495094
"Gg","T_06_NDC_cont","Global","HFC23",2060,11.42732772184
"Gg","T_06_NDC_cont","Global","HFC23",2065,11.37556839324
"Gg","T_06_NDC_cont","Global","HFC23",2070,11.22933379477
"Gg","T_06_NDC_cont","Global","HFC23",2075,11.00665380258
"Gg","T_06_NDC_cont","Global","HFC23",2080,10.73865063481
"Gg","T_06_NDC_cont","Global","HFC23",2085,10.44408952282
"Gg","T_06_NDC_cont","Global","HFC23",2090,10.15013821535
"Gg","T_06_NDC_cont","Global","HFC23",2095,9.85168051634
"Gg","T_06_NDC_cont","Global","HFC23",2100,9.55692674241
"Gg","T_06_NDC_cont","Global","HFC236fa",1990,4.926e-06
"Gg","T_06_NDC_cont","Global","HFC236fa",2005,0.037063661
"Gg","T_06_NDC_cont","Global","HFC236fa",2010,0.049063636
"Gg","T_06_NDC_cont","Global","HFC236fa",2015,0.076169083
"Gg","T_06_NDC_cont","Global","HFC236fa",2020,0.03339102
"Gg","T_06_NDC_cont","Global","HFC236fa",2025,0.03317493
"Gg","T_06_NDC_cont","Global","HFC236fa",2030,0.034896359
"Gg","T_06_NDC_cont","Global","HFC236fa",2035,0.033789245
"Gg","T_06_NDC_cont","Global","HFC236fa",2040,0.033051785
"Gg","T_06_NDC_cont","Global","HFC236fa",2045,0.03260921
"Gg","T_06_NDC_cont","Global","HFC236fa",2050,0.0323685837
"Gg","T_06_NDC_cont","Global","HFC236fa",2055,0.032078677
"Gg","T_06_NDC_cont","Global","HFC236fa",2060,0.031736063
"Gg","T_06_NDC_cont","Global","HFC236fa",2065,0.031310974
"Gg","T_06_NDC_cont","Global","HFC236fa",2070,0.0308135824
"Gg","T_06_NDC_cont","Global","HFC236fa",2075,0.0302693322
"Gg","T_06_NDC_cont","Global","HFC236fa",2080,0.029700695
"Gg","T_06_NDC_cont","Global","HFC236fa",2085,0.029125693
"Gg","T_06_NDC_cont","Global","HFC236fa",2090,0.028554095
"Gg","T_06_NDC_cont","Global","HFC236fa",2095,0.0279857936
"Gg","T_06_NDC_cont","Global","HFC236fa",2100,0.027405692
"Gg","T_06_NDC_cont","Global","HFC245fa",1990,0
"Gg","T_06_NDC_cont","Global","HFC245fa",2005,0.189988949
"Gg","T_06_NDC_cont","Global","HFC245fa",2010,0.45626442
"Gg","T_06_NDC_cont","Global","HFC245fa",2015,0.88683502
"Gg","T_06_NDC_cont","Global","HFC245fa",2020,8.31512903
"Gg","T_06_NDC_cont","Global","HFC245fa",2025,8.74003301
"Gg","T_06_NDC_cont","Global","HFC245fa",2030,14.33259898
"Gg","T_06_NDC_cont","Global","HFC245fa",2035,14.83710527
"Gg","T_06_NDC_cont","Global","HFC245fa",2040,15.35806908
"Gg","T_06_NDC_cont","Global","HFC245fa",2045,15.91394066
"Gg","T_06_NDC_cont","Global","HFC245fa",2050,16.54329555
"Gg","T_06_NDC_cont","Global","HFC245fa",2055,17.24711134
"Gg","T_06_NDC_cont","Global","HFC245fa",2060,17.90661552
"Gg","T_06_NDC_cont","Global","HFC245fa",2065,18.55418119
"Gg","T_06_NDC_cont","Global","HFC245fa",2070,19.13736141
"Gg","T_06_NDC_cont","Global","HFC245fa",2075,19.64070755
"Gg","T_06_NDC_cont","Global","HFC245fa",2080,20.03441771
"Gg","T_06_NDC_cont","Global","HFC245fa",2085,20.31999671
"Gg","T_06_NDC_cont","Global","HFC245fa",2090,20.67085597
"Gg","T_06_NDC_cont","Global","HFC245fa",2095,20.97713641
"Gg","T_06_NDC_cont","Global","HFC245fa",2100,21.21133707
"Gg","T_06_NDC_cont","Global","HFC32",1990,0
"Gg","T_06_NDC_cont","Global","HFC32",2005,1.206074994
"Gg","T_06_NDC_cont","Global","HFC32",2010,2.028116382
"Gg","T_06_NDC_cont","Global","HFC32",2015,3.19037948
"Gg","T_06_NDC_cont","Global","HFC32",2020,5.28940091
"Gg","T_06_NDC_cont","Global","HFC32",2025,6.29091891
"Gg","T_06_NDC_cont","Global","HFC32",2030,8.03171789
"Gg","T_06_NDC_cont","Global","HFC32",2035,8.02074189
"Gg","T_06_NDC_cont","Global","HFC32",2040,7.94931923
"Gg","T_06_NDC_cont","Global","HFC32",2045,7.32116159
"Gg","T_06_NDC_cont","Global","HFC32",2050,7.0500801
"Gg","T_06_NDC_cont","Global","HFC32",2055,6.327723845
"Gg","T_06_NDC_cont","Global","HFC32",2060,6.021192341
"Gg","T_06_NDC_cont","Global","HFC32",2065,5.99679629
"Gg","T_06_NDC_cont","Global","HFC32",2070,5.84535772
"Gg","T_06_NDC_cont","Global","HFC32",2075,5.74750428
"Gg","T_06_NDC_cont","Global","HFC32",2080,5.61682957
"Gg","T_06_NDC_cont","Global","HFC32",2085,5.45591981
"Gg","T_06_NDC_cont","Global","HFC32",2090,5.32282785
"Gg","T_06_NDC_cont","Global","HFC32",2095,5.15249762
"Gg","T_06_NDC_cont","Global","HFC32",2100,4.98690728
"Gg","T_06_NDC_cont","Global","HFC365mfc",1990,0
"Gg","T_06_NDC_cont","Global","HFC365mfc",2005,0.080429973
"Gg","T_06_NDC_cont","Global","HFC365mfc",2010,0.192314452
"Gg","T_06_NDC_cont","Global","HFC365mfc",2015,0.373790729
"Gg","T_06_NDC_cont","Global","HFC365mfc",2020,4.23870092
"Gg","T_06_NDC_cont","Global","HFC365mfc",2025,4.45528498
"Gg","T_06_NDC_cont","Global","HFC365mfc",2030,9.50027721
"Gg","T_06_NDC_cont","Global","HFC365mfc",2035,9.83473204
"Gg","T_06_NDC_cont","Global","HFC365mfc",2040,10.18012638
"Gg","T_06_NDC_cont","Global","HFC365mfc",2045,10.54867423
"Gg","T_06_NDC_cont","Global","HFC365mfc",2050,10.96598391
"Gg","T_06_NDC_cont","Global","HFC365mfc",2055,11.43267075
"Gg","T_06_NDC_cont","Global","HFC365mfc",2060,11.87001261
"Gg","T_06_NDC_cont","Global","HFC365mfc",2065,12.29945904
"Gg","T_06_NDC_cont","Global","HFC365mfc",2070,12.68620634
"Gg","T_06_NDC_cont","Global","HFC365mfc",2075,13.0199842
"Gg","T_06_NDC_cont","Global","HFC365mfc",2080,13.28100311
"Gg","T_06_NDC_cont","Global","HFC365mfc",2085,13.47029043
"Gg","T_06_NDC_cont","Global","HFC365mfc",2090,13.7030635
"Gg","T_06_NDC_cont","Global","HFC365mfc",2095,13.90625353
"Gg","T_06_NDC_cont","Global","HFC365mfc",2100,14.06165835
"Gg","T_06_NDC_cont","Global","HFC43",1990,8.28955e-05
"Gg","T_06_NDC_cont","Global","HFC43",2005,3.332058184
"Gg","T_06_NDC_cont","Global","HFC43",2010,3.718575959
"Gg","T_06_NDC_cont","Global","HFC43",2015,4.404877948
"Gg","T_06_NDC_cont","Global","HFC43",2020,4.265714259
"Gg","T_06_NDC_cont","Global","HFC43",2025,4.436176526
"Gg","T_06_NDC_cont","Global","HFC43",2030,4.532870012
"Gg","T_06_NDC_cont","Global","HFC43",2035,4.46696203
"Gg","T_06_NDC_cont","Global","HFC43",2040,4.53466659
"Gg","T_06_NDC_cont","Global","HFC43",2045,4.64845751
"Gg","T_06_NDC_cont","Global","HFC43",2050,4.77740613
"Gg","T_06_NDC_cont","Global","HFC43",2055,4.93372832
"Gg","T_06_NDC_cont","Global","HFC43",2060,5.06855231
"Gg","T_06_NDC_cont","Global","HFC43",2065,5.1979168
"Gg","T_06_NDC_cont","Global","HFC43",2070,5.29951648
"Gg","T_06_NDC_cont","Global","HFC43",2075,5.38676048
"Gg","T_06_NDC_cont","Global","HFC43",2080,5.45709466
"Gg","T_06_NDC_cont","Global","HFC43",2085,5.51149467
"Gg","T_06_NDC_cont","Global","HFC43",2090,5.55322523
"Gg","T_06_NDC_cont","Global","HFC43",2095,5.5779348
"Gg","T_06_NDC_cont","Global","HFC43",2100,5.58461912
"Tg","T_06_NDC_cont","Global","N2O",1990,2.30847519272052
"Tg","T_06_NDC_cont","Global","N2O",2005,2.50853768463638
"Tg","T_06_NDC_cont","Global","N2O",2010,2.52493661723501
"Tg","T_06_NDC_cont","Global","N2O",2015,2.71132691572916
"Tg","T_06_NDC_cont","Global","N2O",2020,2.6128563463104
"Tg","T_06_NDC_cont","Global","N2O",2025,2.601502
"Tg","T_06_NDC_cont","Global","N2O",2030,2.61505099272882
"Tg","T_06_NDC_cont","Global","N2O",2035,2.33172877981729
"Tg","T_06_NDC_cont","Global","N2O",2040,2.24010149503595
"Tg","T_06_NDC_cont","Global","N2O",2045,2.17973980599273
"Tg","T_06_NDC_cont","Global","N2O",2050,2.13623662594918
"Tg","T_06_NDC_cont","Global","N2O",2055,2.13342122233901
"Tg","T_06_NDC_cont","Global","N2O",2060,2.110291875
"Tg","T_06_NDC_cont","Global","N2O",2065,2.09083580331608
"Tg","T_06_NDC_cont","Global","N2O",2070,2.07120301424734
"Tg","T_06_NDC_cont","Global","N2O",2075,2.06185254340872
"Tg","T_06_NDC_cont","Global","N2O",2080,2.04980707854843
"Tg","T_06_NDC_cont","Global","N2O",2085,2.03536329407597
"Tg","T_06_NDC_cont","Global","N2O",2090,2.01841999007475
"Tg","T_06_NDC_cont","Global","N2O",2095,1.99997084615805
"Tg","T_06_NDC_cont","Global","N2O",2100,1.98740797104323
"Tg","T_06_NDC_cont","Global","N2O_AGR",1990,5.82368918143911
"Tg","T_06_NDC_cont","Global","N2O_AGR",2005,6.59821143323272
"Tg","T_06_NDC_cont","Global","N2O_AGR",2010,7.14760913995085
"Tg","T_06_NDC_cont","Global","N2O_AGR",2015,7.45549658251967
"Tg","T_06_NDC_cont","Global","N2O_AGR",2020,7.7330162056011
"Tg","T_06_NDC_cont","Global","N2O_AGR",2025,8.16426994304011
"Tg","T_06_NDC_cont","Global","N2O_AGR",2030,8.59804771556587
"Tg","T_06_NDC_cont","Global","N2O_AGR",2035,8.85750905904555
"Tg","T_06_NDC_cont","Global","N2O_AGR",2040,9.28608458065286
"Tg","T_06_NDC_cont","Global","N2O_AGR",2045,9.78273891764863
"Tg","T_06_NDC_cont","Global","N2O_AGR",2050,10.2927827447342
"Tg","T_06_NDC_cont","Global","N2O_AGR",2055,10.7068742663218
"Tg","T_06_NDC_cont","Global","N2O_AGR",2060,11.011898816757
"Tg","T_06_NDC_cont","Global","N2O_AGR",2065,11.2713094548534
"Tg","T_06_NDC_cont","Global","N2O_AGR",2070,11.4554548324933
"Tg","T_06_NDC_cont","Global","N2O_AGR",2075,11.6190663675037
"Tg","T_06_NDC_cont","Global","N2O_AGR",2080,11.7747900787658
"Tg","T_06_NDC_cont","Global","N2O_AGR",2085,11.9067898691476
"Tg","T_06_NDC_cont","Global","N2O_AGR",2090,12.01785289195
"Tg","T_06_NDC_cont","Global","N2O_AGR",2095,12.0995138423059
"Tg","T_06_NDC_cont","Global","N2O_AGR",2100,12.1523139537944
"Tg","T_06_NDC_cont","Global","N2O_AWB",1990,0.017846756
"Tg","T_06_NDC_cont","Global","N2O_AWB",2005,0.079666727
"Tg","T_06_NDC_cont","Global","N2O_AWB",2010,0.093539923
"Tg","T_06_NDC_cont","Global","N2O_AWB",2015,0.105300404451265
"Tg","T_06_NDC_cont","Global","N2O_AWB",2020,0.112285015854134
"Tg","T_06_NDC_cont","Global","N2O_AWB",2025,0.117266460162554
"Tg","T_06_NDC_cont","Global","N2O_AWB",2030,0.117130706034578
"Tg","T_06_NDC_cont","Global","N2O_AWB",2035,0.113227968161554
"Tg","T_06_NDC_cont","Global","N2O_AWB",2040,0.111661362443788
"Tg","T_06_NDC_cont","Global","N2O_AWB",2045,0.110072655973072
"Tg","T_06_NDC_cont","Global","N2O_AWB",2050,0.108615367096961
"Tg","T_06_NDC_cont","Global","N2O_AWB",2055,0.104543965341408
"Tg","T_06_NDC_cont","Global","N2O_AWB",2060,0.099117332
"Tg","T_06_NDC_cont","Global","N2O_AWB",2065,0.093140719
"Tg","T_06_NDC_cont","Global","N2O_AWB",2070,0.088119352
"Tg","T_06_NDC_cont","Global","N2O_AWB",2075,0.087584591
"Tg","T_06_NDC_cont","Global","N2O_AWB",2080,0.087833182
"Tg","T_06_NDC_cont","Global","N2O_AWB",2085,0.089240763
"Tg","T_06_NDC_cont","Global","N2O_AWB",2090,0.090565968
"Tg","T_06_NDC_cont","Global","N2O_AWB",2095,0.091591366
"Tg","T_06_NDC_cont","Global","N2O_AWB",2100,0.092250939
"Tg","T_06_NDC_cont","Global","NH3",1990,13.6325964554654
"Tg","T_06_NDC_cont","Global","NH3",2005,14.928719390384
"Tg","T_06_NDC_cont","Global","NH3",2010,15.8784006136323
"Tg","T_06_NDC_cont","Global","NH3",2015,16.8280265148908
"Tg","T_06_NDC_cont","Global","NH3",2020,16.8984216617969
"Tg","T_06_NDC_cont","Global","NH3",2025,17.4599465151321
"Tg","T_06_NDC_cont","Global","NH3",2030,17.8820055520853
"Tg","T_06_NDC_cont","Global","NH3",2035,18.3802359051553
"Tg","T_06_NDC_cont","Global","NH3",2040,18.3957932656037
"Tg","T_06_NDC_cont","Global","NH3",2045,18.5918271094017
"Tg","T_06_NDC_cont","Global","NH3",2050,18.7375684678982
"Tg","T_06_NDC_cont","Global","NH3",2055,18.8421173167659
"Tg","T_06_NDC_cont","Global","NH3",2060,18.7473334982106
"Tg","T_06_NDC_cont","Global","NH3",2065,18.6345542410941
"Tg","T_06_NDC_cont","Global","NH3",2070,18.531244196775
"Tg","T_06_NDC_cont","Global","NH3",2075,18.4135345352061
"Tg","T_06_NDC_cont","Global","NH3",2080,18.2547992719795
"Tg","T_06_NDC_cont","Global","NH3",2085,18.0512514125571
"Tg","T_06_NDC_cont","Global","NH3",2090,17.8060699194022
"Tg","T_06_NDC_cont","Global","NH3",2095,17.4805369945802
"Tg","T_06_NDC_cont","Global","NH3",2100,17.1795452536796
"Tg","T_06_NDC_cont","Global","NH3_AGR",1990,35.84202549
"Tg","T_06_NDC_cont","Global","NH3_AGR",2005,39.3329561212276
"Tg","T_06_NDC_cont","Global","NH3_AGR",2010,42.4814792969193
"Tg","T_06_NDC_cont","Global","NH3_AGR",2015,44.2528309318803
"Tg","T_06_NDC_cont","Global","NH3_AGR",2020,47.2152364587521
"Tg","T_06_NDC_cont","Global","NH3_AGR",2025,51.4133564847454
"Tg","T_06_NDC_cont","Global","NH3_AGR",2030,55.2055673631588
"Tg","T_06_NDC_cont","Global","NH3_AGR",2035,58.5278841781677
"Tg","T_06_NDC_cont","Global","NH3_AGR",2040,61.846317870304
"Tg","T_06_NDC_cont","Global","NH3_AGR",2045,65.1645030192214
"Tg","T_06_NDC_cont","Global","NH3_AGR",2050,68.2511368352121
"Tg","T_06_NDC_cont","Global","NH3_AGR",2055,70.68828087
"Tg","T_06_NDC_cont","Global","NH3_AGR",2060,72.7978281846265
"Tg","T_06_NDC_cont","Global","NH3_AGR",2065,74.7520569464867
"Tg","T_06_NDC_cont","Global","NH3_AGR",2070,76.3911698899157
"Tg","T_06_NDC_cont","Global","NH3_AGR",2075,77.8037741394149
"Tg","T_06_NDC_cont","Global","NH3_AGR",2080,79.01089392
"Tg","T_06_NDC_cont","Global","NH3_AGR",2085,79.974718317019
"Tg","T_06_NDC_cont","Global","NH3_AGR",2090,80.7267294322814
"Tg","T_06_NDC_cont","Global","NH3_AGR",2095,81.27687961943
"Tg","T_06_NDC_cont","Global","NH3_AGR",2100,81.60566371
"Tg","T_06_NDC_cont","Global","NH3_AWB",1990,0.603538401036474
"Tg","T_06_NDC_cont","Global","NH3_AWB",2005,0.611490269
"Tg","T_06_NDC_cont","Global","NH3_AWB",2010,0.713138130977167
"Tg","T_06_NDC_cont","Global","NH3_AWB",2015,0.812705457667765
"Tg","T_06_NDC_cont","Global","NH3_AWB",2020,0.819579634
"Tg","T_06_NDC_cont","Global","NH3_AWB",2025,0.771338304622785
"Tg","T_06_NDC_cont","Global","NH3_AWB",2030,0.729507616488764
"Tg","T_06_NDC_cont","Global","NH3_AWB",2035,0.690902319854711
"Tg","T_06_NDC_cont","Global","NH3_AWB",2040,0.674990803973256
"Tg","T_06_NDC_cont","Global","NH3_AWB",2045,0.664302983
"Tg","T_06_NDC_cont","Global","NH3_AWB",2050,0.656073535608147
"Tg","T_06_NDC_cont","Global","NH3_AWB",2055,0.643976204322236
"Tg","T_06_NDC_cont","Global","NH3_AWB",2060,0.622930826
"Tg","T_06_NDC_cont","Global","NH3_AWB",2065,0.600971586537909
"Tg","T_06_NDC_cont","Global","NH3_AWB",2070,0.581241044429299
"Tg","T_06_NDC_cont","Global","NH3_AWB",2075,0.580789020367023
"Tg","T_06_NDC_cont","Global","NH3_AWB",2080,0.583726679593532
"Tg","T_06_NDC_cont","Global","NH3_AWB",2085,0.591777290883236
"Tg","T_06_NDC_cont","Global","NH3_AWB",2090,0.598571465646376
"Tg","T_06_NDC_cont","Global","NH3_AWB",2095,0.603516396257052
"Tg","T_06_NDC_cont","Global","NH3_AWB",2100,0.605133929
"Tg","T_06_NDC_cont","Global","NMVOC",1990,160.667418739741
"Tg","T_06_NDC_cont","Global","NMVOC",2005,162.942669974111
"Tg","T_06_NDC_cont","Global","NMVOC",2010,171.73488141631
"Tg","T_06_NDC_cont","Global","NMVOC",2015,181.586036230627
"Tg","T_06_NDC_cont","Global","NMVOC",2020,165.166264657881
"Tg","T_06_NDC_cont","Global","NMVOC",2025,156.280822014404
"Tg","T_06_NDC_cont","Global","NMVOC",2030,150.623701192205
"Tg","T_06_NDC_cont","Global","NMVOC",2035,148.001775356917
"Tg","T_06_NDC_cont","Global","NMVOC",2040,142.395955003096
"Tg","T_06_NDC_cont","Global","NMVOC",2045,141.943052514941
"Tg","T_06_NDC_cont","Global","NMVOC",2050,142.437876882517
"Tg","T_06_NDC_cont","Global","NMVOC",2055,143.624374554319
"Tg","T_06_NDC_cont","Global","NMVOC",2060,143.086293655431
"Tg","T_06_NDC_cont","Global","NMVOC",2065,142.374749013765
"Tg","T_06_NDC_cont","Global","NMVOC",2070,142.042355327643
"Tg","T_06_NDC_cont","Global","NMVOC",2075,142.247723695672
"Tg","T_06_NDC_cont","Global","NMVOC",2080,142.977552610066
"Tg","T_06_NDC_cont","Global","NMVOC",2085,144.172031925444
"Tg","T_06_NDC_cont","Global","NMVOC",2090,145.287342793395
"Tg","T_06_NDC_cont","Global","NMVOC",2095,145.894597982217
"Tg","T_06_NDC_cont","Global","NMVOC",2100,146.556102432352
"Tg","T_06_NDC_cont","Global","NMVOC_AGR",1990,3.8023095729
"Tg","T_06_NDC_cont","Global","NMVOC_AGR",2005,5.86789247460001
"Tg","T_06_NDC_cont","Global","NMVOC_AGR",2010,7.1096899279
"Tg","T_06_NDC_cont","Global","NMVOC_AGR",2015,7.47416950900001
"Tg","T_06_NDC_cont","Global","NMVOC_AGR",2020,7.968643897
"Tg","T_06_NDC_cont","Global","NMVOC_AGR",2025,8.703067544
"Tg","T_06_NDC_cont","Global","NMVOC_AGR",2030,9.37402133913246
"Tg","T_06_NDC_cont","Global","NMVOC_AGR",2035,9.97241159955485
"Tg","T_06_NDC_cont","Global","NMVOC_AGR",2040,10.4922400875241
"Tg","T_06_NDC_cont","Global","NMVOC_AGR",2045,10.9667126336539
"Tg","T_06_NDC_cont","Global","NMVOC_AGR",2050,11.3851746335843
"Tg","T_06_NDC_cont","Global","NMVOC_AGR",2055,11.7600839578746
"Tg","T_06_NDC_cont","Global","NMVOC_AGR",2060,12.0968201775592
"Tg","T_06_NDC_cont","Global","NMVOC_AGR",2065,12.4190182475236
"Tg","T_06_NDC_cont","Global","NMVOC_AGR",2070,12.7030511061916
"Tg","T_06_NDC_cont","Global","NMVOC_AGR",2075,12.9423047183986
"Tg","T_06_NDC_cont","Global","NMVOC_AGR",2080,13.1333214935896
"Tg","T_06_NDC_cont","Global","NMVOC_AGR",2085,13.2815877474516
"Tg","T_06_NDC_cont","Global","NMVOC_AGR",2090,13.3914429299019
"Tg","T_06_NDC_cont","Global","NMVOC_AGR",2095,13.4655474251305
"Tg","T_06_NDC_cont","Global","NMVOC_AGR",2100,13.5036810000885
"Tg","T_06_NDC_cont","Global","NMVOC_AWB",1990,7.02363155705048
"Tg","T_06_NDC_cont","Global","NMVOC_AWB",2005,7.12010821801271
"Tg","T_06_NDC_cont","Global","NMVOC_AWB",2010,8.30317305141203
"Tg","T_06_NDC_cont","Global","NMVOC_AWB",2015,9.44731212976792
"Tg","T_06_NDC_cont","Global","NMVOC_AWB",2020,9.60615019774878
"Tg","T_06_NDC_cont","Global","NMVOC_AWB",2025,9.179206748
"Tg","T_06_NDC_cont","Global","NMVOC_AWB",2030,8.76653845627273
"Tg","T_06_NDC_cont","Global","NMVOC_AWB",2035,8.33911938403177
"Tg","T_06_NDC_cont","Global","NMVOC_AWB",2040,8.16928351303
"Tg","T_06_NDC_cont","Global","NMVOC_AWB",2045,8.05003618644683
"Tg","T_06_NDC_cont","Global","NMVOC_AWB",2050,7.95362997880587
"Tg","T_06_NDC_cont","Global","NMVOC_AWB",2055,7.79622686843377
"Tg","T_06_NDC_cont","Global","NMVOC_AWB",2060,7.52109909993751
"Tg","T_06_NDC_cont","Global","NMVOC_AWB",2065,7.228371162
"Tg","T_06_NDC_cont","Global","NMVOC_AWB",2070,6.96496888225162
"Tg","T_06_NDC_cont","Global","NMVOC_AWB",2075,6.94915032067693
"Tg","T_06_NDC_cont","Global","NMVOC_AWB",2080,6.98019946078798
"Tg","T_06_NDC_cont","Global","NMVOC_AWB",2085,7.08172885090602
"Tg","T_06_NDC_cont","Global","NMVOC_AWB",2090,7.16878604088409
"Tg","T_06_NDC_cont","Global","NMVOC_AWB",2095,7.23346906749
"Tg","T_06_NDC_cont","Global","NMVOC_AWB",2100,7.25745305277342
"Tg","T_06_NDC_cont","Global","NOx",1990,123.518886692763
"Tg","T_06_NDC_cont","Global","NOx",2005,141.042854164793
"Tg","T_06_NDC_cont","Global","NOx",2010,143.45138692071
"Tg","T_06_NDC_cont","Global","NOx",2015,144.219271094673
"Tg","T_06_NDC_cont","Global","NOx",2020,136.136499759368
"Tg","T_06_NDC_cont","Global","NOx",2025,126.054010553774
"Tg","T_06_NDC_cont","Global","NOx",2030,121.418049388364
"Tg","T_06_NDC_cont","Global","NOx",2035,111.990054553533
"Tg","T_06_NDC_cont","Global","NOx",2040,106.437642391195
"Tg","T_06_NDC_cont","Global","NOx",2045,103.23160842365
"Tg","T_06_NDC_cont","Global","NOx",2050,102.059936107499
"Tg","T_06_NDC_cont","Global","NOx",2055,102.202201692485
"Tg","T_06_NDC_cont","Global","NOx",2060,102.759983271977
"Tg","T_06_NDC_cont","Global","NOx",2065,104.271563468105
"Tg","T_06_NDC_cont","Global","NOx",2070,105.827622424209
"Tg","T_06_NDC_cont","Global","NOx",2075,107.37660192159
"Tg","T_06_NDC_cont","Global","NOx",2080,108.964739638967
"Tg","T_06_NDC_cont","Global","NOx",2085,110.54231643395
"Tg","T_06_NDC_cont","Global","NOx",2090,112.106504782902
"Tg","T_06_NDC_cont","Global","NOx",2095,113.698394813665
"Tg","T_06_NDC_cont","Global","NOx",2100,115.40808549573
"Tg","T_06_NDC_cont","Global","NOx_AGR",1990,4.21693910678792
"Tg","T_06_NDC_cont","Global","NOx_AGR",2005,4.50653007439305
"Tg","T_06_NDC_cont","Global","NOx_AGR",2010,4.83915060730511
"Tg","T_06_NDC_cont","Global","NOx_AGR",2015,5.175539510037
"Tg","T_06_NDC_cont","Global","NOx_AGR",2020,5.46867976190193
"Tg","T_06_NDC_cont","Global","NOx_AGR",2025,5.86827675097752
"Tg","T_06_NDC_cont","Global","NOx_AGR",2030,6.25545133173563
"Tg","T_06_NDC_cont","Global","NOx_AGR",2035,6.64586594569402
"Tg","T_06_NDC_cont","Global","NOx_AGR",2040,7.04832478551422
"Tg","T_06_NDC_cont","Global","NOx_AGR",2045,7.46258447618712
"Tg","T_06_NDC_cont","Global","NOx_AGR",2050,7.85070409940767
"Tg","T_06_NDC_cont","Global","NOx_AGR",2055,8.123514876
"Tg","T_06_NDC_cont","Global","NOx_AGR",2060,8.36209626040597
"Tg","T_06_NDC_cont","Global","NOx_AGR",2065,8.59174267846912
"Tg","T_06_NDC_cont","Global","NOx_AGR",2070,8.78160708227512
"Tg","T_06_NDC_cont","Global","NOx_AGR",2075,8.94944511021241
"Tg","T_06_NDC_cont","Global","NOx_AGR",2080,9.102236998
"Tg","T_06_NDC_cont","Global","NOx_AGR",2085,9.230336842
"Tg","T_06_NDC_cont","Global","NOx_AGR",2090,9.33616368339496
"Tg","T_06_NDC_cont","Global","NOx_AGR",2095,9.41910800546506
"Tg","T_06_NDC_cont","Global","NOx_AGR",2100,9.47680598464395
"Tg","T_06_NDC_cont","Global","NOx_AWB",1990,0.864980283
"Tg","T_06_NDC_cont","Global","NOx_AWB",2005,0.876375476267976
"Tg","T_06_NDC_cont","Global","NOx_AWB",2010,1.02205492719527
"Tg","T_06_NDC_cont","Global","NOx_AWB",2015,1.1647528049047
"Tg","T_06_NDC_cont","Global","NOx_AWB",2020,1.17460493716574
"Tg","T_06_NDC_cont","Global","NOx_AWB",2025,1.10546655548844
"Tg","T_06_NDC_cont","Global","NOx_AWB",2030,1.04551535064009
"Tg","T_06_NDC_cont","Global","NOx_AWB",2035,0.990187430242012
"Tg","T_06_NDC_cont","Global","NOx_AWB",2040,0.967383322593758
"Tg","T_06_NDC_cont","Global","NOx_AWB",2045,0.95206573305672
"Tg","T_06_NDC_cont","Global","NOx_AWB",2050,0.940271268
"Tg","T_06_NDC_cont","Global","NOx_AWB",2055,0.922933428670052
"Tg","T_06_NDC_cont","Global","NOx_AWB",2060,0.892771730835867
"Tg","T_06_NDC_cont","Global","NOx_AWB",2065,0.86130012784869
"Tg","T_06_NDC_cont","Global","NOx_AWB",2070,0.8330227
"Tg","T_06_NDC_cont","Global","NOx_AWB",2075,0.832374883870031
"Tg","T_06_NDC_cont","Global","NOx_AWB",2080,0.836585257168082
"Tg","T_06_NDC_cont","Global","NOx_AWB",2085,0.848123375
"Tg","T_06_NDC_cont","Global","NOx_AWB",2090,0.85786051984775
"Tg","T_06_NDC_cont","Global","NOx_AWB",2095,0.864947528953286
"Tg","T_06_NDC_cont","Global","NOx_AWB",2100,0.867265691390388
"Tg","T_06_NDC_cont","Global","OC",1990,24.1467282486152
"Tg","T_06_NDC_cont","Global","OC",2005,26.6581253993854
"Tg","T_06_NDC_cont","Global","OC",2010,28.6949724196685
"Tg","T_06_NDC_cont","Global","OC",2015,29.3489426407397
"Tg","T_06_NDC_cont","Global","OC",2020,27.7511407980503
"Tg","T_06_NDC_cont","Global","OC",2025,26.2952751646624
"Tg","T_06_NDC_cont","Global","OC",2030,24.98794622667
"Tg","T_06_NDC_cont","Global","OC",2035,24.2406752406637
"Tg","T_06_NDC_cont","Global","OC",2040,22.2092210909854
"Tg","T_06_NDC_cont","Global","OC",2045,21.1530014675032
"Tg","T_06_NDC_cont","Global","OC",2050,20.323171950299
"Tg","T_06_NDC_cont","Global","OC",2055,19.6347556506631
"Tg","T_06_NDC_cont","Global","OC",2060,18.6042865345195
"Tg","T_06_NDC_cont","Global","OC",2065,17.7504576864197
"Tg","T_06_NDC_cont","Global","OC",2070,17.1333674474718
"Tg","T_06_NDC_cont","Global","OC",2075,16.7057125402384
"Tg","T_06_NDC_cont","Global","OC",2080,16.3641836912751
"Tg","T_06_NDC_cont","Global","OC",2085,16.0633552159007
"Tg","T_06_NDC_cont","Global","OC",2090,15.8185733197474
"Tg","T_06_NDC_cont","Global","OC",2095,15.5799246481589
"Tg","T_06_NDC_cont","Global","OC",2100,15.402645222202
"Tg","T_06_NDC_cont","Global","OC_AWB",1990,0.639695076669742
"Tg","T_06_NDC_cont","Global","OC_AWB",2005,0.648123268226924
"Tg","T_06_NDC_cont","Global","OC_AWB",2010,0.888521714332144
"Tg","T_06_NDC_cont","Global","OC_AWB",2015,0.99541620100147
"Tg","T_06_NDC_cont","Global","OC_AWB",2020,0.932362945856185
"Tg","T_06_NDC_cont","Global","OC_AWB",2025,0.8204874216545
"Tg","T_06_NDC_cont","Global","OC_AWB",2030,0.736724516313561
"Tg","T_06_NDC_cont","Global","OC_AWB",2035,0.68735583893789
"Tg","T_06_NDC_cont","Global","OC_AWB",2040,0.660175695027846
"Tg","T_06_NDC_cont","Global","OC_AWB",2045,0.639836907586615
"Tg","T_06_NDC_cont","Global","OC_AWB",2050,0.627036679287043
"Tg","T_06_NDC_cont","Global","OC_AWB",2055,0.619323574008095
"Tg","T_06_NDC_cont","Global","OC_AWB",2060,0.609272528832792
"Tg","T_06_NDC_cont","Global","OC_AWB",2065,0.601916944
"Tg","T_06_NDC_cont","Global","OC_AWB",2070,0.594098488589629
"Tg","T_06_NDC_cont","Global","OC_AWB",2075,0.591375993920416
"Tg","T_06_NDC_cont","Global","OC_AWB",2080,0.590105166551425
"Tg","T_06_NDC_cont","Global","OC_AWB",2085,0.591547686
"Tg","T_06_NDC_cont","Global","OC_AWB",2090,0.592240401385174
"Tg","T_06_NDC_cont","Global","OC_AWB",2095,0.591848254873644
"Tg","T_06_NDC_cont","Global","OC_AWB",2100,0.589336936
"Gg","T_06_NDC_cont","Global","SF6",1990,2.7646554195
"Gg","T_06_NDC_cont","Global","SF6",2005,2.574071493
"Gg","T_06_NDC_cont","Global","SF6",2010,3.0635693356
"Gg","T_06_NDC_cont","Global","SF6",2015,3.6045651991
"Gg","T_06_NDC_cont","Global","SF6",2020,3.55851554036
"Gg","T_06_NDC_cont","Global","SF6",2025,3.60658896658
"Gg","T_06_NDC_cont","Global","SF6",2030,3.98825119494
"Gg","T_06_NDC_cont","Global","SF6",2035,3.89113001776
"Gg","T_06_NDC_cont","Global","SF6",2040,3.946080106
"Gg","T_06_NDC_cont","Global","SF6",2045,4.13970610146
"Gg","T_06_NDC_cont","Global","SF6",2050,4.31473284436
"Gg","T_06_NDC_cont","Global","SF6",2055,4.63362842205
"Gg","T_06_NDC_cont","Global","SF6",2060,4.921421022
"Gg","T_06_NDC_cont","Global","SF6",2065,5.16987871934
"Gg","T_06_NDC_cont","Global","SF6",2070,5.37414707116
"Gg","T_06_NDC_cont","Global","SF6",2075,5.54136263591
"Gg","T_06_NDC_cont","Global","SF6",2080,5.643258552
"Gg","T_06_NDC_cont","Global","SF6",2085,5.71981771802
"Gg","T_06_NDC_cont","Global","SF6",2090,5.77853709661
"Gg","T_06_NDC_cont","Global","SF6",2095,5.80828653329
"Gg","T_06_NDC_cont","Global","SF6",2100,5.82094887808
"Tg","T_06_NDC_cont","Global","SO2_1",1990,61.925286758705
"Tg","T_06_NDC_cont","Global","SO2_1",2005,31.6929757
"Tg","T_06_NDC_cont","Global","SO2_1",2010,21.059158759554
"Tg","T_06_NDC_cont","Global","SO2_1",2015,14.4785544604443
"Tg","T_06_NDC_cont","Global","SO2_1",2020,11.3540732550822
"Tg","T_06_NDC_cont","Global","SO2_1",2025,7.28839585732958
"Tg","T_06_NDC_cont","Global","SO2_1",2030,5.63036417264326
"Tg","T_06_NDC_cont","Global","SO2_1",2035,4.64845791537609
"Tg","T_06_NDC_cont","Global","SO2_1",2040,4.00010765628135
"Tg","T_06_NDC_cont","Global","SO2_1",2045,3.51679248957789
"Tg","T_06_NDC_cont","Global","SO2_1",2050,3.16181288757337
"Tg","T_06_NDC_cont","Global","SO2_1",2055,2.84644071223755
"Tg","T_06_NDC_cont","Global","SO2_1",2060,2.5506249932825
"Tg","T_06_NDC_cont","Global","SO2_1",2065,2.31199558023927
"Tg","T_06_NDC_cont","Global","SO2_1",2070,2.0985124908129
"Tg","T_06_NDC_cont","Global","SO2_1",2075,1.90755484604727
"Tg","T_06_NDC_cont","Global","SO2_1",2080,1.72243605300167
"Tg","T_06_NDC_cont","Global","SO2_1",2085,1.61089858158495
"Tg","T_06_NDC_cont","Global","SO2_1",2090,1.52950563876469
"Tg","T_06_NDC_cont","Global","SO2_1",2095,1.46154480463498
"Tg","T_06_NDC_cont","Global","SO2_1",2100,1.40450494115519
"Tg","T_06_NDC_cont","Global","SO2_1_AWB",1990,0.013711848780182
"Tg","T_06_NDC_cont","Global","SO2_1_AWB",2005,0.012663006420431
"Tg","T_06_NDC_cont","Global","SO2_1_AWB",2010,0.015395969047561
"Tg","T_06_NDC_cont","Global","SO2_1_AWB",2015,0.018450530356411
"Tg","T_06_NDC_cont","Global","SO2_1_AWB",2020,0.017019543729418
"Tg","T_06_NDC_cont","Global","SO2_1_AWB",2025,0.012570406884885
"Tg","T_06_NDC_cont","Global","SO2_1_AWB",2030,0.011178968311182
"Tg","T_06_NDC_cont","Global","SO2_1_AWB",2035,0.010536336551409
"Tg","T_06_NDC_cont","Global","SO2_1_AWB",2040,0.010196732177145
"Tg","T_06_NDC_cont","Global","SO2_1_AWB",2045,0.009975961
"Tg","T_06_NDC_cont","Global","SO2_1_AWB",2050,0.009843451
"Tg","T_06_NDC_cont","Global","SO2_1_AWB",2055,0.00976804
"Tg","T_06_NDC_cont","Global","SO2_1_AWB",2060,0.00959143
"Tg","T_06_NDC_cont","Global","SO2_1_AWB",2065,0.009675639
"Tg","T_06_NDC_cont","Global","SO2_1_AWB",2070,0.009769604
"Tg","T_06_NDC_cont","Global","SO2_1_AWB",2075,0.009868575
"Tg","T_06_NDC_cont","Global","SO2_1_AWB",2080,0.009994329
"Tg","T_06_NDC_cont","Global","SO2_1_AWB",2085,0.010125665
"Tg","T_06_NDC_cont","Global","SO2_1_AWB",2090,0.010238100838917
"Tg","T_06_NDC_cont","Global","SO2_1_AWB",2095,0.010323434
"Tg","T_06_NDC_cont","Global","SO2_1_AWB",2100,0.01037745
"Tg","T_06_NDC_cont","Global","SO2_2",1990,35.7859417310044
"Tg","T_06_NDC_cont","Global","SO2_2",2005,57.9655204330315
"Tg","T_06_NDC_cont","Global","SO2_2",2010,52.0214160805044
"Tg","T_06_NDC_cont","Global","SO2_2",2015,42.6386408275087
"Tg","T_06_NDC_cont","Global","SO2_2",2020,40.3142900992733
"Tg","T_06_NDC_cont","Global","SO2_2",2025,36.2220871543852
"Tg","T_06_NDC_cont","Global","SO2_2",2030,34.450777791017
"Tg","T_06_NDC_cont","Global","SO2_2",2035,29.7531404007938
"Tg","T_06_NDC_cont","Global","SO2_2",2040,27.569872217812
"Tg","T_06_NDC_cont","Global","SO2_2",2045,25.6149078854052
"Tg","T_06_NDC_cont","Global","SO2_2",2050,24.1031959894558
"Tg","T_06_NDC_cont","Global","SO2_2",2055,22.8953641134623
"Tg","T_06_NDC_cont","Global","SO2_2",2060,21.8254497956318
"Tg","T_06_NDC_cont","Global","SO2_2",2065,20.9881817738622
"Tg","T_06_NDC_cont","Global","SO2_2",2070,20.0830306794962
"Tg","T_06_NDC_cont","Global","SO2_2",2075,19.0798427495642
"Tg","T_06_NDC_cont","Global","SO2_2",2080,17.7325039812639
"Tg","T_06_NDC_cont","Global","SO2_2",2085,16.5686839382299
"Tg","T_06_NDC_cont","Global","SO2_2",2090,15.4889525667208
"Tg","T_06_NDC_cont","Global","SO2_2",2095,14.5954856093062
"Tg","T_06_NDC_cont","Global","SO2_2",2100,13.878205650705
"Tg","T_06_NDC_cont","Global","SO2_2_AWB",1990,0.021850089
"Tg","T_06_NDC_cont","Global","SO2_2_AWB",2005,0.021607219
"Tg","T_06_NDC_cont","Global","SO2_2_AWB",2010,0.025000692
"Tg","T_06_NDC_cont","Global","SO2_2_AWB",2015,0.026801951444037
"Tg","T_06_NDC_cont","Global","SO2_2_AWB",2020,0.024815713576187
"Tg","T_06_NDC_cont","Global","SO2_2_AWB",2025,0.021489511394806
"Tg","T_06_NDC_cont","Global","SO2_2_AWB",2030,0.01921578196124
"Tg","T_06_NDC_cont","Global","SO2_2_AWB",2035,0.017898815
"Tg","T_06_NDC_cont","Global","SO2_2_AWB",2040,0.016886917546481
"Tg","T_06_NDC_cont","Global","SO2_2_AWB",2045,0.015953544
"Tg","T_06_NDC_cont","Global","SO2_2_AWB",2050,0.015220799113911
"Tg","T_06_NDC_cont","Global","SO2_2_AWB",2055,0.014354330992828
"Tg","T_06_NDC_cont","Global","SO2_2_AWB",2060,0.014095683891904
"Tg","T_06_NDC_cont","Global","SO2_2_AWB",2065,0.013925645
"Tg","T_06_NDC_cont","Global","SO2_2_AWB",2070,0.013851143597402
"Tg","T_06_NDC_cont","Global","SO2_2_AWB",2075,0.013754868431378
"Tg","T_06_NDC_cont","Global","SO2_2_AWB",2080,0.013668923570172
"Tg","T_06_NDC_cont","Global","SO2_2_AWB",2085,0.01358425246512
"Tg","T_06_NDC_cont","Global","SO2_2_AWB",2090,0.013481697079631
"Tg","T_06_NDC_cont","Global","SO2_2_AWB",2095,0.01336612595771
"Tg","T_06_NDC_cont","Global","SO2_2_AWB",2100,0.013238177391696
"Tg","T_06_NDC_cont","Global","SO2_3",1990,19.258445627927
"Tg","T_06_NDC_cont","Global","SO2_3",2005,23.0532439326338
"Tg","T_06_NDC_cont","Global","SO2_3",2010,23.4841039025816
"Tg","T_06_NDC_cont","Global","SO2_3",2015,23.7033356486805
"Tg","T_06_NDC_cont","Global","SO2_3",2020,21.3439747211088
"Tg","T_06_NDC_cont","Global","SO2_3",2025,19.5510791836779
"Tg","T_06_NDC_cont","Global","SO2_3",2030,17.8137630282836
"Tg","T_06_NDC_cont","Global","SO2_3",2035,15.9529868233725
"Tg","T_06_NDC_cont","Global","SO2_3",2040,14.915638116832
"Tg","T_06_NDC_cont","Global","SO2_3",2045,14.4023526925255
"Tg","T_06_NDC_cont","Global","SO2_3",2050,14.4124792389997
"Tg","T_06_NDC_cont","Global","SO2_3",2055,14.512885411132
"Tg","T_06_NDC_cont","Global","SO2_3",2060,14.4565644923972
"Tg","T_06_NDC_cont","Global","SO2_3",2065,14.3827952569436
"Tg","T_06_NDC_cont","Global","SO2_3",2070,14.3176282077753
"Tg","T_06_NDC_cont","Global","SO2_3",2075,14.2118679788564
"Tg","T_06_NDC_cont","Global","SO2_3",2080,14.0557561058584
"Tg","T_06_NDC_cont","Global","SO2_3",2085,13.8670237788939
"Tg","T_06_NDC_cont","Global","SO2_3",2090,13.6436746615212
"Tg","T_06_NDC_cont","Global","SO2_3",2095,13.3901164862563
"Tg","T_06_NDC_cont","Global","SO2_3",2100,13.0994888322286
"Tg","T_06_NDC_cont","Global","SO2_3_AWB",1990,0.054191433
"Tg","T_06_NDC_cont","Global","SO2_3_AWB",2005,0.056084519
"Tg","T_06_NDC_cont","Global","SO2_3_AWB",2010,0.064625518
"Tg","T_06_NDC_cont","Global","SO2_3_AWB",2015,0.073174937
"Tg","T_06_NDC_cont","Global","SO2_3_AWB",2020,0.07985066
"Tg","T_06_NDC_cont","Global","SO2_3_AWB",2025,0.085505408
"Tg","T_06_NDC_cont","Global","SO2_3_AWB",2030,0.08627973
"Tg","T_06_NDC_cont","Global","SO2_3_AWB",2035,0.084087846
"Tg","T_06_NDC_cont","Global","SO2_3_AWB",2040,0.083174285
"Tg","T_06_NDC_cont","Global","SO2_3_AWB",2045,0.08209657
"Tg","T_06_NDC_cont","Global","SO2_3_AWB",2050,0.081081978
"Tg","T_06_NDC_cont","Global","SO2_3_AWB",2055,0.079327344
"Tg","T_06_NDC_cont","Global","SO2_3_AWB",2060,0.075436946
"Tg","T_06_NDC_cont","Global","SO2_3_AWB",2065,0.071084968
"Tg","T_06_NDC_cont","Global","SO2_3_AWB",2070,0.067216381
"Tg","T_06_NDC_cont","Global","SO2_3_AWB",2075,0.066883567
"Tg","T_06_NDC_cont","Global","SO2_3_AWB",2080,0.067139161
"Tg","T_06_NDC_cont","Global","SO2_3_AWB",2085,0.068355213
"Tg","T_06_NDC_cont","Global","SO2_3_AWB",2090,0.069473684
"Tg","T_06_NDC_cont","Global","SO2_3_AWB",2095,0.070365753
"Tg","T_06_NDC_cont","Global","SO2_3_AWB",2100,0.070779897
"Tg","T_06_NDC_cont","Global","SO2_4",1990,13.1182909899093
"Tg","T_06_NDC_cont","Global","SO2_4",2005,5.246482151
"Tg","T_06_NDC_cont","Global","SO2_4",2010,5.49928747290331
"Tg","T_06_NDC_cont","Global","SO2_4",2015,5.34514726679866
"Tg","T_06_NDC_cont","Global","SO2_4",2020,4.17026157944504
"Tg","T_06_NDC_cont","Global","SO2_4",2025,3.71847079586267
"Tg","T_06_NDC_cont","Global","SO2_4",2030,3.11717231258699
"Tg","T_06_NDC_cont","Global","SO2_4",2035,2.6788575423134
"Tg","T_06_NDC_cont","Global","SO2_4",2040,2.33740410799153
"Tg","T_06_NDC_cont","Global","SO2_4",2045,2.04454491568533
"Tg","T_06_NDC_cont","Global","SO2_4",2050,1.910995724
"Tg","T_06_NDC_cont","Global","SO2_4",2055,1.80306867282285
"Tg","T_06_NDC_cont","Global","SO2_4",2060,1.71199993272539
"Tg","T_06_NDC_cont","Global","SO2_4",2065,1.63572905661467
"Tg","T_06_NDC_cont","Global","SO2_4",2070,1.54171101591115
"Tg","T_06_NDC_cont","Global","SO2_4",2075,1.46709755204868
"Tg","T_06_NDC_cont","Global","SO2_4",2080,1.40946635141724
"Tg","T_06_NDC_cont","Global","SO2_4",2085,1.35332817260599
"Tg","T_06_NDC_cont","Global","SO2_4",2090,1.29816883304854
"Tg","T_06_NDC_cont","Global","SO2_4",2095,1.24782273586217
"Tg","T_06_NDC_cont","Global","SO2_4",2100,1.19912000254446
"Tg","T_06_NDC_cont","Global","SO2_4_AWB",1990,0.02149794
"Tg","T_06_NDC_cont","Global","SO2_4_AWB",2005,0.022362337991833
"Tg","T_06_NDC_cont","Global","SO2_4_AWB",2010,0.026431816
"Tg","T_06_NDC_cont","Global","SO2_4_AWB",2015,0.031380016763608
"Tg","T_06_NDC_cont","Global","SO2_4_AWB",2020,0.029388658
"Tg","T_06_NDC_cont","Global","SO2_4_AWB",2025,0.022616845754733
"Tg","T_06_NDC_cont","Global","SO2_4_AWB",2030,0.017796970624016
"Tg","T_06_NDC_cont","Global","SO2_4_AWB",2035,0.014832260030762
"Tg","T_06_NDC_cont","Global","SO2_4_AWB",2040,0.014164318395292
"Tg","T_06_NDC_cont","Global","SO2_4_AWB",2045,0.014426075167117
"Tg","T_06_NDC_cont","Global","SO2_4_AWB",2050,0.014788962621876
"Tg","T_06_NDC_cont","Global","SO2_4_AWB",2055,0.015255535
"Tg","T_06_NDC_cont","Global","SO2_4_AWB",2060,0.015701877
"Tg","T_06_NDC_cont","Global","SO2_4_AWB",2065,0.01609190764713
"Tg","T_06_NDC_cont","Global","SO2_4_AWB",2070,0.016304052750002
"Tg","T_06_NDC_cont","Global","SO2_4_AWB",2075,0.016550839029776
"Tg","T_06_NDC_cont","Global","SO2_4_AWB",2080,0.016796940436009
"Tg","T_06_NDC_cont","Global","SO2_4_AWB",2085,0.017018228019328
"Tg","T_06_NDC_cont","Global","SO2_4_AWB",2090,0.017142255943787
"Tg","T_06_NDC_cont","Global","SO2_4_AWB",2095,0.017191936
"Tg","T_06_NDC_cont","Global","SO2_4_AWB",2100,0.0171498725817
